isin12726, 0.0, 0.0
isin12727, 0.0, 0.0
isin12731, 0.0, 0.0
isin12732, 0.0, 0.0
isin12736, 0.0, 0.0
isin12740, 0.0, 0.0
isin12752, 0.0, 0.0
isin12770, 0.0, 0.0
isin12796, 0.0, 0.0
isin12842, 0.0, 0.0
isin12871, 0.0, 0.0
isin12881, 0.0, 0.0
isin12900, 0.0, 0.0
isin12966, 0.0, 0.0
isin13077, 0.0, 0.0
isin13120, 0.0, 0.0
isin13148, 0.0, 0.0
isin13160, 0.0, 0.0
isin13162, 0.0, 0.0
isin13233, 0.0, 0.0
isin13237, 0.0, 0.0
isin13260, 0.0, 0.0
isin13264, 0.0, 0.0
isin13267, 0.0, 0.0
isin13268, 0.0, 0.0
isin13331, 0.0, 0.0
isin13398, 0.0, 0.0
isin13433, 0.0, 0.0
isin13499, 0.0, 0.0
isin13546, 0.0, 0.0
isin13550, 0.0, 0.0
isin13551, 0.0, 0.0
isin13684, 0.0, 0.0
isin13698, 0.0, 0.0
isin13709, 0.0, 0.0
isin13716, 0.0, 0.0
isin13729, 0.0, 0.0
isin13733, 0.0, 0.0
isin13817, 0.0, 0.0
isin13882, 0.0, 0.0
isin14010, 0.0, 0.0
isin14029, 0.0, 0.0
isin14035, 0.0, 0.0
isin14053, 0.0, 0.0
isin14062, 0.0, 0.0
isin14063, 0.0, 0.0
isin14091, 0.0, 0.0
isin14093, 0.0, 0.0
isin14096, 0.0, 0.0
isin14131, 0.0, 0.0
isin14162, 0.0, 0.0
isin14228, 0.0, 0.0
isin14294, 0.0, 0.0
isin14296, 0.0, 0.0
isin14391, 0.0, 0.0
isin14392, 0.0, 0.0
isin14421, 0.0, 0.0
isin14523, 0.0, 0.0
isin14550, 0.0, 0.0
isin14551, 0.0, 0.0
isin14558, 0.0, 0.0
isin14563, 0.0, 0.0
isin14639, 0.0, 0.0
isin14652, 0.0, 0.0
isin14654, 0.0, 0.0
isin14675, 0.0, 0.0
isin14676, 0.0, 0.0
isin14678, 0.0, 0.0
isin14688, 0.0, 0.0
isin14711, 0.0, 0.0
isin14761, 0.0, 0.0
isin14836, 0.0, 0.0
isin14841, 0.0, 0.0
isin14861, 0.0, 0.0
isin14863, 0.0, 0.0
isin14866, 0.0, 0.0
isin14921, 0.0, 0.0
isin15120, 0.0, 0.0
isin15222, 0.0, 0.0
isin15226, 0.0, 0.0
isin15231, 0.0, 0.0
isin15277, 0.0, 0.0
isin15342, 0.0, 0.0
isin15344, 0.0, 0.0
isin15369, 0.0, 0.0
isin15431, 0.0, 0.0
isin15460, 0.0, 0.0
isin15473, 0.0, 0.0
isin15502, 0.0, 0.0
isin15513, 0.0, 0.0
isin15526, 0.0, 0.0
isin15592, 0.0, 0.0
isin15603, 0.0, 0.0
isin15624, 0.0, 0.0
isin15645, 0.0, 0.0
isin15666, 0.0, 0.0
isin15750, 0.0, 0.0
isin15782, 0.0, 0.0
isin15807, 0.0, 0.0
isin15812, 0.0, 0.0
isin15815, 0.0, 0.0
isin15859, 0.0, 0.0
isin15895, 0.0, 0.0
isin15896, 0.0, 0.0
isin15935, 0.0, 0.0
isin16072, 0.0, 0.0
isin16093, 0.0, 0.0
isin16103, 0.0, 0.0
isin16129, 0.0, 0.0
isin16137, 0.0, 0.0
isin16187, 0.0, 0.0
isin16189, 0.0, 0.0
isin16225, 0.0, 0.0
isin16287, 0.0, 0.0
isin16299, 0.0, 0.0
isin16313, 0.0, 0.0
isin16432, 0.0, 0.0
isin16448, 0.0, 0.0
isin16475, 0.0, 0.0
isin16477, 0.0, 0.0
isin16489, 0.0, 0.0
isin16511, 0.0, 0.0
isin16520, 0.0, 0.0
isin16572, 0.0, 0.0
isin16661, 0.0, 0.0
isin16699, 0.0, 0.0
isin16701, 0.0, 0.0
isin16702, 0.0, 0.0
isin16703, 0.0, 0.0
isin16739, 0.0, 0.0
isin16769, 0.0, 0.0
isin16827, 0.0, 0.0
isin16828, 0.0, 0.0
isin16834, 0.0, 0.0
isin16837, 0.0, 0.0
isin16846, 0.0, 0.0
isin16874, 0.0, 0.0
isin16891, 0.0, 0.0
isin16910, 0.0, 0.0
isin17058, 0.0, 0.0
isin17086, 0.0, 0.0
isin17092, 0.0, 0.0
isin17107, 0.0, 0.0
isin17157, 0.0, 0.0
isin17257, 0.0, 0.0
isin17276, 0.0, 0.0
isin17291, 0.0, 0.0
isin142, 0.0, 0.0
isin163, 0.0, 0.0
isin168, 0.0, 0.0
isin226, 0.0, 0.0
isin288, 0.0, 0.0
isin289, 0.0, 0.0
isin966, 0.0, 0.0
isin1039, 0.0, 0.0
isin1397, 0.0, 0.0
isin1774, 0.0, 0.0
isin1776, 0.0, 0.0
isin1784, 0.0, 0.0
isin1786, 0.0, 0.0
isin1794, 0.0, 0.0
isin1876, 0.0, 0.0
isin1975, 0.0, 0.0
isin1977, 0.0, 0.0
isin1984, 0.0, 0.0
isin2044, 0.0, 0.0
isin2240, 0.0, 0.0
isin2332, 0.0, 0.0
isin2691, 0.0, 0.0
isin3221, 0.0, 0.0
isin3427, 0.0, 0.0
isin3444, 0.0, 0.0
isin3468, 0.0, 0.0
isin3501, 0.0, 0.0
isin3506, 0.0, 0.0
isin3509, 0.0, 0.0
isin3522, 0.0, 0.0
isin4095, 0.0, 0.0
isin4270, 0.0, 0.0
isin4273, 0.0, 0.0
isin4279, 0.0, 0.0
isin4481, 0.0, 0.0
isin5152, 0.0, 0.0
isin5673, 0.0, 0.0
isin5675, 0.0, 0.0
isin5676, 0.0, 0.0
isin6855, 0.0, 0.0
isin6955, 0.0, 0.0
isin6957, 0.0, 0.0
isin6988, 0.0, 0.0
isin6996, 0.0, 0.0
isin7187, 0.0, 0.0
isin7189, 0.0, 0.0
isin7202, 0.0, 0.0
isin7205, 0.0, 0.0
isin7508, 0.0, 0.0
isin8099, 0.0, 0.0
isin8105, 0.0, 0.0
isin8109, 0.0, 0.0
isin8112, 0.0, 0.0
isin8137, 0.0, 0.0
isin8142, 0.0, 0.0
isin8144, 0.0, 0.0
isin8146, 0.0, 0.0
isin8150, 0.0, 0.0
isin8341, 0.0, 0.0
isin8355, 0.0, 0.0
isin9457, 0.0, 0.0
isin9460, 0.0, 0.0
isin9504, 0.0, 0.0
isin9632, 0.0, 0.0
isin9801, 0.0, 0.0
isin9857, 0.0, 0.0
isin9861, 0.0, 0.0
isin9866, 0.0, 0.0
isin9876, 0.0, 0.0
isin9878, 0.0, 0.0
isin9944, 0.0, 0.0
isin10112, 0.0, 0.0
isin10145, 0.0, 0.0
isin10150, 0.0, 0.0
isin10858, 0.0, 0.0
isin10864, 0.0, 0.0
isin10865, 0.0, 0.0
isin10876, 0.0, 0.0
isin10877, 0.0, 0.0
isin10885, 0.0, 0.0
isin11303, 0.0, 0.0
isin11318, 0.0, 0.0
isin11319, 0.0, 0.0
isin11376, 0.0, 0.0
isin11403, 0.0, 0.0
isin12079, 0.0, 0.0
isin12250, 0.0, 0.0
isin12409, 0.0, 0.0
isin12761, 0.0, 0.0
isin13019, 0.0, 0.0
isin14129, 0.0, 0.0
isin14132, 0.0, 0.0
isin14217, 0.0, 0.0
isin14505, 0.0, 0.0
isin14601, 0.0, 0.0
isin14602, 0.0, 0.0
isin14790, 0.0, 0.0
isin14792, 0.0, 0.0
isin14801, 0.0, 0.0
isin14944, 0.0, 0.0
isin14946, 0.0, 0.0
isin14959, 0.0, 0.0
isin14967, 0.0, 0.0
isin14969, 0.0, 0.0
isin14972, 0.0, 0.0
isin15054, 0.0, 0.0
isin15874, 0.0, 0.0
isin15909, 0.0, 0.0
isin15959, 0.0, 0.0
isin16595, 0.0, 0.0
isin16810, 0.0, 0.0
isin17022, 0.0, 0.0
isin17174, 0.0, 0.0
isin17317, 0.0, 0.0
isin3314, 0.0, 0.0
isin4795, 0.0, 0.0
isin4797, 0.0, 0.0
isin6857, 0.0, 0.0
isin9637, 0.0, 0.0
isin11349, 0.0, 0.0
isin14598, 0.0, 0.0
isin16394, 0.0, 0.0
isin16625, 0.0, 0.0
isin16706, 0.0, 0.0
isin16708, 0.0, 0.0
isin26, 0.0, 0.0
isin58, 0.0, 0.0
isin63, 0.0, 0.0
isin100, 0.0, 0.0
isin107, 0.0, 0.0
isin114, 0.0, 0.0
isin118, 0.0, 0.0
isin125, 0.0, 0.0
isin334, 0.0, 0.0
isin415, 0.0, 0.0
isin434, 0.0, 0.0
isin440, 0.0, 0.0
isin441, 0.0, 0.0
isin443, 0.0, 0.0
isin444, 0.0, 0.0
isin449, 0.0, 0.0
isin461, 0.0, 0.0
isin534, 0.0, 0.0
isin545, 0.0, 0.0
isin631, 0.0, 0.0
isin652, 0.0, 0.0
isin653, 0.0, 0.0
isin658, 0.0, 0.0
isin660, 0.0, 0.0
isin751, 0.0, 0.0
isin761, 0.0, 0.0
isin884, 0.0, 0.0
isin904, 0.0, 0.0
isin905, 0.0, 0.0
isin907, 0.0, 0.0
isin951, 0.0, 0.0
isin952, 0.0, 0.0
isin977, 0.0, 0.0
isin1020, 0.0, 0.0
isin1021, 0.0, 0.0
isin1022, 0.0, 0.0
isin1023, 0.0, 0.0
isin1047, 0.0, 0.0
isin1074, 0.0, 0.0
isin1130, 0.0, 0.0
isin1134, 0.0, 0.0
isin1139, 0.0, 0.0
isin1140, 0.0, 0.0
isin1142, 0.0, 0.0
isin1154, 0.0, 0.0
isin1155, 0.0, 0.0
isin1165, 0.0, 0.0
isin1174, 0.0, 0.0
isin1176, 0.0, 0.0
isin1177, 0.0, 0.0
isin1187, 0.0, 0.0
isin1198, 0.0, 0.0
isin1199, 0.0, 0.0
isin1213, 0.0, 0.0
isin1228, 0.0, 0.0
isin1234, 0.0, 0.0
isin1265, 0.0, 0.0
isin1272, 0.0, 0.0
isin1274, 0.0, 0.0
isin1275, 0.0, 0.0
isin1276, 0.0, 0.0
isin1277, 0.0, 0.0
isin1278, 0.0, 0.0
isin1280, 0.0, 0.0
isin1293, 0.0, 0.0
isin1294, 0.0, 0.0
isin1304, 0.0, 0.0
isin1310, 0.0, 0.0
isin1311, 0.0, 0.0
isin1321, 0.0, 0.0
isin1332, 0.0, 0.0
isin1333, 0.0, 0.0
isin1334, 0.0, 0.0
isin1421, 0.0, 0.0
isin1427, 0.0, 0.0
isin1432, 0.0, 0.0
isin1525, 0.0, 0.0
isin1546, 0.0, 0.0
isin1885, 0.0, 0.0
isin1906, 0.0, 0.0
isin1974, 0.0, 0.0
isin2011, 0.0, 0.0
isin2025, 0.0, 0.0
isin2027, 0.0, 0.0
isin2182, 0.0, 0.0
isin2229, 0.0, 0.0
isin2235, 0.0, 0.0
isin2236, 0.0, 0.0
isin2252, 0.0, 0.0
isin2274, 0.0, 0.0
isin2295, 0.0, 0.0
isin2322, 0.0, 0.0
isin2333, 0.0, 0.0
isin2343, 0.0, 0.0
isin2366, 0.0, 0.0
isin2382, 0.0, 0.0
isin2386, 0.0, 0.0
isin2401, 0.0, 0.0
isin2403, 0.0, 0.0
isin2416, 0.0, 0.0
isin2418, 0.0, 0.0
isin2422, 0.0, 0.0
isin2433, 0.0, 0.0
isin2436, 0.0, 0.0
isin2437, 0.0, 0.0
isin2438, 0.0, 0.0
isin2440, 0.0, 0.0
isin2448, 0.0, 0.0
isin2467, 0.0, 0.0
isin2482, 0.0, 0.0
isin2505, 0.0, 0.0
isin2506, 0.0, 0.0
isin2507, 0.0, 0.0
isin2522, 0.0, 0.0
isin2563, 0.0, 0.0
isin2573, 0.0, 0.0
isin2574, 0.0, 0.0
isin2575, 0.0, 0.0
isin2608, 0.0, 0.0
isin2614, 0.0, 0.0
isin2616, 0.0, 0.0
isin2667, 0.0, 0.0
isin2702, 0.0, 0.0
isin2707, 0.0, 0.0
isin2739, 0.0, 0.0
isin2742, 0.0, 0.0
isin2761, 0.0, 0.0
isin2764, 0.0, 0.0
isin2766, 0.0, 0.0
isin2767, 0.0, 0.0
isin2769, 0.0, 0.0
isin2850, 0.0, 0.0
isin2890, 0.0, 0.0
isin2891, 0.0, 0.0
isin2901, 0.0, 0.0
isin2947, 0.0, 0.0
isin2948, 0.0, 0.0
isin2950, 0.0, 0.0
isin2951, 0.0, 0.0
isin2957, 0.0, 0.0
isin2960, 0.0, 0.0
isin2996, 0.0, 0.0
isin3000, 0.0, 0.0
isin3006, 0.0, 0.0
isin3007, 0.0, 0.0
isin3008, 0.0, 0.0
isin3009, 0.0, 0.0
isin3030, 0.0, 0.0
isin3033, 0.0, 0.0
isin3038, 0.0, 0.0
isin3039, 0.0, 0.0
isin3041, 0.0, 0.0
isin3048, 0.0, 0.0
isin3081, 0.0, 0.0
isin3082, 0.0, 0.0
isin3093, 0.0, 0.0
isin3108, 0.0, 0.0
isin3129, 0.0, 0.0
isin3136, 0.0, 0.0
isin3169, 0.0, 0.0
isin3177, 0.0, 0.0
isin3179, 0.0, 0.0
isin3182, 0.0, 0.0
isin3187, 0.0, 0.0
isin3191, 0.0, 0.0
isin3194, 0.0, 0.0
isin3210, 0.0, 0.0
isin3256, 0.0, 0.0
isin3258, 0.0, 0.0
isin3259, 0.0, 0.0
isin3279, 0.0, 0.0
isin3280, 0.0, 0.0
isin3287, 0.0, 0.0
isin3300, 0.0, 0.0
isin3311, 0.0, 0.0
isin3351, 0.0, 0.0
isin3372, 0.0, 0.0
isin3376, 0.0, 0.0
isin3385, 0.0, 0.0
isin3420, 0.0, 0.0
isin3422, 0.0, 0.0
isin3423, 0.0, 0.0
isin3450, 0.0, 0.0
isin3488, 0.0, 0.0
isin3495, 0.0, 0.0
isin3617, 0.0, 0.0
isin3618, 0.0, 0.0
isin3620, 0.0, 0.0
isin3659, 0.0, 0.0
isin3725, 0.0, 0.0
isin3733, 0.0, 0.0
isin3743, 0.0, 0.0
isin3744, 0.0, 0.0
isin3781, 0.0, 0.0
isin3782, 0.0, 0.0
isin3824, 0.0, 0.0
isin3866, 0.0, 0.0
isin3876, 0.0, 0.0
isin3900, 0.0, 0.0
isin3917, 0.0, 0.0
isin3933, 0.0, 0.0
isin3949, 0.0, 0.0
isin3953, 0.0, 0.0
isin3955, 0.0, 0.0
isin3978, 0.0, 0.0
isin3996, 0.0, 0.0
isin3997, 0.0, 0.0
isin4009, 0.0, 0.0
isin4035, 0.0, 0.0
isin4038, 0.0, 0.0
isin4044, 0.0, 0.0
isin4045, 0.0, 0.0
isin4046, 0.0, 0.0
isin4110, 0.0, 0.0
isin4113, 0.0, 0.0
isin4118, 0.0, 0.0
isin4119, 0.0, 0.0
isin4124, 0.0, 0.0
isin4125, 0.0, 0.0
isin4126, 0.0, 0.0
isin4150, 0.0, 0.0
isin4155, 0.0, 0.0
isin4199, 0.0, 0.0
isin4213, 0.0, 0.0
isin4216, 0.0, 0.0
isin4287, 0.0, 0.0
isin4411, 0.0, 0.0
isin4412, 0.0, 0.0
isin4413, 0.0, 0.0
isin4416, 0.0, 0.0
isin4425, 0.0, 0.0
isin4478, 0.0, 0.0
isin4490, 0.0, 0.0
isin4498, 0.0, 0.0
isin4502, 0.0, 0.0
isin4511, 0.0, 0.0
isin4561, 0.0, 0.0
isin4583, 0.0, 0.0
isin4590, 0.0, 0.0
isin4594, 0.0, 0.0
isin4603, 0.0, 0.0
isin4621, 0.0, 0.0
isin4627, 0.0, 0.0
isin4651, 0.0, 0.0
isin4654, 0.0, 0.0
isin4655, 0.0, 0.0
isin4658, 0.0, 0.0
isin4660, 0.0, 0.0
isin4661, 0.0, 0.0
isin4701, 0.0, 0.0
isin4778, 0.0, 0.0
isin4792, 0.0, 0.0
isin4804, 0.0, 0.0
isin4820, 0.0, 0.0
isin4867, 0.0, 0.0
isin4956, 0.0, 0.0
isin4957, 0.0, 0.0
isin4974, 0.0, 0.0
isin5009, 0.0, 0.0
isin5010, 0.0, 0.0
isin5011, 0.0, 0.0
isin5012, 0.0, 0.0
isin5013, 0.0, 0.0
isin5015, 0.0, 0.0
isin5039, 0.0, 0.0
isin5049, 0.0, 0.0
isin5050, 0.0, 0.0
isin5069, 0.0, 0.0
isin5089, 0.0, 0.0
isin5096, 0.0, 0.0
isin5107, 0.0, 0.0
isin5113, 0.0, 0.0
isin5117, 0.0, 0.0
isin5154, 0.0, 0.0
isin5173, 0.0, 0.0
isin5225, 0.0, 0.0
isin5231, 0.0, 0.0
isin5232, 0.0, 0.0
isin5242, 0.0, 0.0
isin5280, 0.0, 0.0
isin5283, 0.0, 0.0
isin5327, 0.0, 0.0
isin5331, 0.0, 0.0
isin5333, 0.0, 0.0
isin5334, 0.0, 0.0
isin5335, 0.0, 0.0
isin5338, 0.0, 0.0
isin5339, 0.0, 0.0
isin5350, 0.0, 0.0
isin5352, 0.0, 0.0
isin5472, 0.0, 0.0
isin5485, 0.0, 0.0
isin5487, 0.0, 0.0
isin5494, 0.0, 0.0
isin5499, 0.0, 0.0
isin5510, 0.0, 0.0
isin5514, 0.0, 0.0
isin5519, 0.0, 0.0
isin5548, 0.0, 0.0
isin5554, 0.0, 0.0
isin5583, 0.0, 0.0
isin5584, 0.0, 0.0
isin5601, 0.0, 0.0
isin5602, 0.0, 0.0
isin5626, 0.0, 0.0
isin5670, 0.0, 0.0
isin5685, 0.0, 0.0
isin5694, 0.0, 0.0
isin5697, 0.0, 0.0
isin5722, 0.0, 0.0
isin5726, 0.0, 0.0
isin5727, 0.0, 0.0
isin5735, 0.0, 0.0
isin5743, 0.0, 0.0
isin5764, 0.0, 0.0
isin5780, 0.0, 0.0
isin5796, 0.0, 0.0
isin5799, 0.0, 0.0
isin5806, 0.0, 0.0
isin5810, 0.0, 0.0
isin5821, 0.0, 0.0
isin5834, 0.0, 0.0
isin5835, 0.0, 0.0
isin5850, 0.0, 0.0
isin5851, 0.0, 0.0
isin5883, 0.0, 0.0
isin5892, 0.0, 0.0
isin5896, 0.0, 0.0
isin5947, 0.0, 0.0
isin5973, 0.0, 0.0
isin6105, 0.0, 0.0
isin6110, 0.0, 0.0
isin6111, 0.0, 0.0
isin6112, 0.0, 0.0
isin6115, 0.0, 0.0
isin6119, 0.0, 0.0
isin6127, 0.0, 0.0
isin6130, 0.0, 0.0
isin6143, 0.0, 0.0
isin6203, 0.0, 0.0
isin6491, 0.0, 0.0
isin6559, 0.0, 0.0
isin6565, 0.0, 0.0
isin6596, 0.0, 0.0
isin6598, 0.0, 0.0
isin6609, 0.0, 0.0
isin6611, 0.0, 0.0
isin6623, 0.0, 0.0
isin6648, 0.0, 0.0
isin6667, 0.0, 0.0
isin7065, 0.0, 0.0
isin7083, 0.0, 0.0
isin7106, 0.0, 0.0
isin7137, 0.0, 0.0
isin7140, 0.0, 0.0
isin7181, 0.0, 0.0
isin7182, 0.0, 0.0
isin7210, 0.0, 0.0
isin7220, 0.0, 0.0
isin7266, 0.0, 0.0
isin7346, 0.0, 0.0
isin7421, 0.0, 0.0
isin7429, 0.0, 0.0
isin7430, 0.0, 0.0
isin7440, 0.0, 0.0
isin7475, 0.0, 0.0
isin7476, 0.0, 0.0
isin7486, 0.0, 0.0
isin7505, 0.0, 0.0
isin7520, 0.0, 0.0
isin7537, 0.0, 0.0
isin7539, 0.0, 0.0
isin7542, 0.0, 0.0
isin7578, 0.0, 0.0
isin7579, 0.0, 0.0
isin7614, 0.0, 0.0
isin7636, 0.0, 0.0
isin7643, 0.0, 0.0
isin7644, 0.0, 0.0
isin7656, 0.0, 0.0
isin7666, 0.0, 0.0
isin7686, 0.0, 0.0
isin7721, 0.0, 0.0
isin7733, 0.0, 0.0
isin7734, 0.0, 0.0
isin7749, 0.0, 0.0
isin7759, 0.0, 0.0
isin7839, 0.0, 0.0
isin7920, 0.0, 0.0
isin8007, 0.0, 0.0
isin8011, 0.0, 0.0
isin8013, 0.0, 0.0
isin8015, 0.0, 0.0
isin8016, 0.0, 0.0
isin8017, 0.0, 0.0
isin8059, 0.0, 0.0
isin8061, 0.0, 0.0
isin8082, 0.0, 0.0
isin8104, 0.0, 0.0
isin8174, 0.0, 0.0
isin8213, 0.0, 0.0
isin8218, 0.0, 0.0
isin8228, 0.0, 0.0
isin8264, 0.0, 0.0
isin8270, 0.0, 0.0
isin8281, 0.0, 0.0
isin8401, 0.0, 0.0
isin8402, 0.0, 0.0
isin8405, 0.0, 0.0
isin8422, 0.0, 0.0
isin8423, 0.0, 0.0
isin8435, 0.0, 0.0
isin8436, 0.0, 0.0
isin8444, 0.0, 0.0
isin8463, 0.0, 0.0
isin8471, 0.0, 0.0
isin8472, 0.0, 0.0
isin8473, 0.0, 0.0
isin8497, 0.0, 0.0
isin8501, 0.0, 0.0
isin8514, 0.0, 0.0
isin8524, 0.0, 0.0
isin8525, 0.0, 0.0
isin8529, 0.0, 0.0
isin8531, 0.0, 0.0
isin8532, 0.0, 0.0
isin8534, 0.0, 0.0
isin8538, 0.0, 0.0
isin8539, 0.0, 0.0
isin8592, 0.0, 0.0
isin8692, 0.0, 0.0
isin8724, 0.0, 0.0
isin8740, 0.0, 0.0
isin8742, 0.0, 0.0
isin8756, 0.0, 0.0
isin8758, 0.0, 0.0
isin8759, 0.0, 0.0
isin8782, 0.0, 0.0
isin8814, 0.0, 0.0
isin8815, 0.0, 0.0
isin8821, 0.0, 0.0
isin8833, 0.0, 0.0
isin8846, 0.0, 0.0
isin8847, 0.0, 0.0
isin8936, 0.0, 0.0
isin9023, 0.0, 0.0
isin9025, 0.0, 0.0
isin9031, 0.0, 0.0
isin9046, 0.0, 0.0
isin9049, 0.0, 0.0
isin9088, 0.0, 0.0
isin9090, 0.0, 0.0
isin9102, 0.0, 0.0
isin9156, 0.0, 0.0
isin9157, 0.0, 0.0
isin9159, 0.0, 0.0
isin9204, 0.0, 0.0
isin9206, 0.0, 0.0
isin9212, 0.0, 0.0
isin9213, 0.0, 0.0
isin9214, 0.0, 0.0
isin9216, 0.0, 0.0
isin9218, 0.0, 0.0
isin9219, 0.0, 0.0
isin9262, 0.0, 0.0
isin9274, 0.0, 0.0
isin9276, 0.0, 0.0
isin9277, 0.0, 0.0
isin9281, 0.0, 0.0
isin9284, 0.0, 0.0
isin9285, 0.0, 0.0
isin9286, 0.0, 0.0
isin9327, 0.0, 0.0
isin9329, 0.0, 0.0
isin9340, 0.0, 0.0
isin9355, 0.0, 0.0
isin9356, 0.0, 0.0
isin9359, 0.0, 0.0
isin9360, 0.0, 0.0
isin9373, 0.0, 0.0
isin9380, 0.0, 0.0
isin9381, 0.0, 0.0
isin9382, 0.0, 0.0
isin9383, 0.0, 0.0
isin9429, 0.0, 0.0
isin9435, 0.0, 0.0
isin9453, 0.0, 0.0
isin9456, 0.0, 0.0
isin9466, 0.0, 0.0
isin9520, 0.0, 0.0
isin9540, 0.0, 0.0
isin9573, 0.0, 0.0
isin9574, 0.0, 0.0
isin9591, 0.0, 0.0
isin9659, 0.0, 0.0
isin9662, 0.0, 0.0
isin9679, 0.0, 0.0
isin9738, 0.0, 0.0
isin9768, 0.0, 0.0
isin9771, 0.0, 0.0
isin9772, 0.0, 0.0
isin9773, 0.0, 0.0
isin10040, 0.0, 0.0
isin10041, 0.0, 0.0
isin10073, 0.0, 0.0
isin10081, 0.0, 0.0
isin10123, 0.0, 0.0
isin10138, 0.0, 0.0
isin10174, 0.0, 0.0
isin10184, 0.0, 0.0
isin10197, 0.0, 0.0
isin10198, 0.0, 0.0
isin10199, 0.0, 0.0
isin10202, 0.0, 0.0
isin10207, 0.0, 0.0
isin10217, 0.0, 0.0
isin10254, 0.0, 0.0
isin10258, 0.0, 0.0
isin10324, 0.0, 0.0
isin10339, 0.0, 0.0
isin10340, 0.0, 0.0
isin10344, 0.0, 0.0
isin10351, 0.0, 0.0
isin10353, 0.0, 0.0
isin10362, 0.0, 0.0
isin10382, 0.0, 0.0
isin10384, 0.0, 0.0
isin10420, 0.0, 0.0
isin10425, 0.0, 0.0
isin10438, 0.0, 0.0
isin10452, 0.0, 0.0
isin10455, 0.0, 0.0
isin10456, 0.0, 0.0
isin10473, 0.0, 0.0
isin10493, 0.0, 0.0
isin10501, 0.0, 0.0
isin10502, 0.0, 0.0
isin10519, 0.0, 0.0
isin10530, 0.0, 0.0
isin10574, 0.0, 0.0
isin10576, 0.0, 0.0
isin10577, 0.0, 0.0
isin10589, 0.0, 0.0
isin10592, 0.0, 0.0
isin10601, 0.0, 0.0
isin10605, 0.0, 0.0
isin10613, 0.0, 0.0
isin10656, 0.0, 0.0
isin10662, 0.0, 0.0
isin10663, 0.0, 0.0
isin10671, 0.0, 0.0
isin10673, 0.0, 0.0
isin10699, 0.0, 0.0
isin10700, 0.0, 0.0
isin10713, 0.0, 0.0
isin10733, 0.0, 0.0
isin10769, 0.0, 0.0
isin10770, 0.0, 0.0
isin10771, 0.0, 0.0
isin10776, 0.0, 0.0
isin10777, 0.0, 0.0
isin10783, 0.0, 0.0
isin10784, 0.0, 0.0
isin10785, 0.0, 0.0
isin10786, 0.0, 0.0
isin10787, 0.0, 0.0
isin10788, 0.0, 0.0
isin10789, 0.0, 0.0
isin10800, 0.0, 0.0
isin10821, 0.0, 0.0
isin10901, 0.0, 0.0
isin10902, 0.0, 0.0
isin10921, 0.0, 0.0
isin10936, 0.0, 0.0
isin10970, 0.0, 0.0
isin10974, 0.0, 0.0
isin10976, 0.0, 0.0
isin10978, 0.0, 0.0
isin10990, 0.0, 0.0
isin11023, 0.0, 0.0
isin11024, 0.0, 0.0
isin11025, 0.0, 0.0
isin11026, 0.0, 0.0
isin11047, 0.0, 0.0
isin11054, 0.0, 0.0
isin11055, 0.0, 0.0
isin11056, 0.0, 0.0
isin11057, 0.0, 0.0
isin11059, 0.0, 0.0
isin11060, 0.0, 0.0
isin11073, 0.0, 0.0
isin11074, 0.0, 0.0
isin11115, 0.0, 0.0
isin11143, 0.0, 0.0
isin11154, 0.0, 0.0
isin11157, 0.0, 0.0
isin11161, 0.0, 0.0
isin11186, 0.0, 0.0
isin11197, 0.0, 0.0
isin11198, 0.0, 0.0
isin11200, 0.0, 0.0
isin11216, 0.0, 0.0
isin11222, 0.0, 0.0
isin11229, 0.0, 0.0
isin11230, 0.0, 0.0
isin11250, 0.0, 0.0
isin11294, 0.0, 0.0
isin11448, 0.0, 0.0
isin11460, 0.0, 0.0
isin11473, 0.0, 0.0
isin11481, 0.0, 0.0
isin11500, 0.0, 0.0
isin11519, 0.0, 0.0
isin11538, 0.0, 0.0
isin11567, 0.0, 0.0
isin11576, 0.0, 0.0
isin11614, 0.0, 0.0
isin11616, 0.0, 0.0
isin11617, 0.0, 0.0
isin11619, 0.0, 0.0
isin11624, 0.0, 0.0
isin11625, 0.0, 0.0
isin11676, 0.0, 0.0
isin11724, 0.0, 0.0
isin11751, 0.0, 0.0
isin11754, 0.0, 0.0
isin11755, 0.0, 0.0
isin11757, 0.0, 0.0
isin11758, 0.0, 0.0
isin11763, 0.0, 0.0
isin11764, 0.0, 0.0
isin11765, 0.0, 0.0
isin11768, 0.0, 0.0
isin11769, 0.0, 0.0
isin11772, 0.0, 0.0
isin11774, 0.0, 0.0
isin11779, 0.0, 0.0
isin11781, 0.0, 0.0
isin11782, 0.0, 0.0
isin11783, 0.0, 0.0
isin11784, 0.0, 0.0
isin11785, 0.0, 0.0
isin11787, 0.0, 0.0
isin11788, 0.0, 0.0
isin11804, 0.0, 0.0
isin11805, 0.0, 0.0
isin11807, 0.0, 0.0
isin11810, 0.0, 0.0
isin11812, 0.0, 0.0
isin11831, 0.0, 0.0
isin11846, 0.0, 0.0
isin11849, 0.0, 0.0
isin11866, 0.0, 0.0
isin11890, 0.0, 0.0
isin11894, 0.0, 0.0
isin11910, 0.0, 0.0
isin11938, 0.0, 0.0
isin11960, 0.0, 0.0
isin11964, 0.0, 0.0
isin11969, 0.0, 0.0
isin11970, 0.0, 0.0
isin11971, 0.0, 0.0
isin11979, 0.0, 0.0
isin11980, 0.0, 0.0
isin11983, 0.0, 0.0
isin11984, 0.0, 0.0
isin11985, 0.0, 0.0
isin12015, 0.0, 0.0
isin12032, 0.0, 0.0
isin12035, 0.0, 0.0
isin12039, 0.0, 0.0
isin12063, 0.0, 0.0
isin12064, 0.0, 0.0
isin12065, 0.0, 0.0
isin12140, 0.0, 0.0
isin12144, 0.0, 0.0
isin12145, 0.0, 0.0
isin12146, 0.0, 0.0
isin12150, 0.0, 0.0
isin12178, 0.0, 0.0
isin12277, 0.0, 0.0
isin12298, 0.0, 0.0
isin12305, 0.0, 0.0
isin12317, 0.0, 0.0
isin12335, 0.0, 0.0
isin12345, 0.0, 0.0
isin12388, 0.0, 0.0
isin12446, 0.0, 0.0
isin12447, 0.0, 0.0
isin12448, 0.0, 0.0
isin12450, 0.0, 0.0
isin12453, 0.0, 0.0
isin12454, 0.0, 0.0
isin12477, 0.0, 0.0
isin12493, 0.0, 0.0
isin12495, 0.0, 0.0
isin12511, 0.0, 0.0
isin12513, 0.0, 0.0
isin12548, 0.0, 0.0
isin12549, 0.0, 0.0
isin12551, 0.0, 0.0
isin12594, 0.0, 0.0
isin12595, 0.0, 0.0
isin12620, 0.0, 0.0
isin12629, 0.0, 0.0
isin12706, 0.0, 0.0
isin12708, 0.0, 0.0
isin12788, 0.0, 0.0
isin12800, 0.0, 0.0
isin12801, 0.0, 0.0
isin12803, 0.0, 0.0
isin12817, 0.0, 0.0
isin12843, 0.0, 0.0
isin12849, 0.0, 0.0
isin12862, 0.0, 0.0
isin12867, 0.0, 0.0
isin12877, 0.0, 0.0
isin12888, 0.0, 0.0
isin12889, 0.0, 0.0
isin12892, 0.0, 0.0
isin12894, 0.0, 0.0
isin12942, 0.0, 0.0
isin12943, 0.0, 0.0
isin12945, 0.0, 0.0
isin12959, 0.0, 0.0
isin12960, 0.0, 0.0
isin12973, 0.0, 0.0
isin12976, 0.0, 0.0
isin12985, 0.0, 0.0
isin13030, 0.0, 0.0
isin13043, 0.0, 0.0
isin13136, 0.0, 0.0
isin13146, 0.0, 0.0
isin13174, 0.0, 0.0
isin13211, 0.0, 0.0
isin13251, 0.0, 0.0
isin13252, 0.0, 0.0
isin13269, 0.0, 0.0
isin13293, 0.0, 0.0
isin13308, 0.0, 0.0
isin13324, 0.0, 0.0
isin13334, 0.0, 0.0
isin13338, 0.0, 0.0
isin13342, 0.0, 0.0
isin13348, 0.0, 0.0
isin13357, 0.0, 0.0
isin13358, 0.0, 0.0
isin13367, 0.0, 0.0
isin13417, 0.0, 0.0
isin13423, 0.0, 0.0
isin13429, 0.0, 0.0
isin13444, 0.0, 0.0
isin13445, 0.0, 0.0
isin13448, 0.0, 0.0
isin13450, 0.0, 0.0
isin13452, 0.0, 0.0
isin13453, 0.0, 0.0
isin13454, 0.0, 0.0
isin13504, 0.0, 0.0
isin13519, 0.0, 0.0
isin13641, 0.0, 0.0
isin13642, 0.0, 0.0
isin13650, 0.0, 0.0
isin13651, 0.0, 0.0
isin13652, 0.0, 0.0
isin13653, 0.0, 0.0
isin13672, 0.0, 0.0
isin13704, 0.0, 0.0
isin13761, 0.0, 0.0
isin13766, 0.0, 0.0
isin13797, 0.0, 0.0
isin13801, 0.0, 0.0
isin13807, 0.0, 0.0
isin13809, 0.0, 0.0
isin13834, 0.0, 0.0
isin13870, 0.0, 0.0
isin13900, 0.0, 0.0
isin13934, 0.0, 0.0
isin13941, 0.0, 0.0
isin13988, 0.0, 0.0
isin13989, 0.0, 0.0
isin13997, 0.0, 0.0
isin14021, 0.0, 0.0
isin14022, 0.0, 0.0
isin14026, 0.0, 0.0
isin14066, 0.0, 0.0
isin14071, 0.0, 0.0
isin14076, 0.0, 0.0
isin14089, 0.0, 0.0
isin14108, 0.0, 0.0
isin14111, 0.0, 0.0
isin14112, 0.0, 0.0
isin14128, 0.0, 0.0
isin14137, 0.0, 0.0
isin14173, 0.0, 0.0
isin14179, 0.0, 0.0
isin14199, 0.0, 0.0
isin14232, 0.0, 0.0
isin14245, 0.0, 0.0
isin14288, 0.0, 0.0
isin14367, 0.0, 0.0
isin14383, 0.0, 0.0
isin14384, 0.0, 0.0
isin14385, 0.0, 0.0
isin14388, 0.0, 0.0
isin14406, 0.0, 0.0
isin14474, 0.0, 0.0
isin14483, 0.0, 0.0
isin14521, 0.0, 0.0
isin14525, 0.0, 0.0
isin14528, 0.0, 0.0
isin14529, 0.0, 0.0
isin14533, 0.0, 0.0
isin14534, 0.0, 0.0
isin14548, 0.0, 0.0
isin14618, 0.0, 0.0
isin14640, 0.0, 0.0
isin14643, 0.0, 0.0
isin14656, 0.0, 0.0
isin14684, 0.0, 0.0
isin14759, 0.0, 0.0
isin14764, 0.0, 0.0
isin14791, 0.0, 0.0
isin14798, 0.0, 0.0
isin14854, 0.0, 0.0
isin14855, 0.0, 0.0
isin14884, 0.0, 0.0
isin14899, 0.0, 0.0
isin14900, 0.0, 0.0
isin14901, 0.0, 0.0
isin14926, 0.0, 0.0
isin15063, 0.0, 0.0
isin15069, 0.0, 0.0
isin15072, 0.0, 0.0
isin15073, 0.0, 0.0
isin15088, 0.0, 0.0
isin15095, 0.0, 0.0
isin15098, 0.0, 0.0
isin15101, 0.0, 0.0
isin15114, 0.0, 0.0
isin15126, 0.0, 0.0
isin15128, 0.0, 0.0
isin15171, 0.0, 0.0
isin15172, 0.0, 0.0
isin15179, 0.0, 0.0
isin15180, 0.0, 0.0
isin15182, 0.0, 0.0
isin15251, 0.0, 0.0
isin15253, 0.0, 0.0
isin15254, 0.0, 0.0
isin15255, 0.0, 0.0
isin15256, 0.0, 0.0
isin15257, 0.0, 0.0
isin15264, 0.0, 0.0
isin15265, 0.0, 0.0
isin15267, 0.0, 0.0
isin15268, 0.0, 0.0
isin15272, 0.0, 0.0
isin15276, 0.0, 0.0
isin15290, 0.0, 0.0
isin15294, 0.0, 0.0
isin15314, 0.0, 0.0
isin15340, 0.0, 0.0
isin15341, 0.0, 0.0
isin15357, 0.0, 0.0
isin15383, 0.0, 0.0
isin15393, 0.0, 0.0
isin15397, 0.0, 0.0
isin15402, 0.0, 0.0
isin15450, 0.0, 0.0
isin15455, 0.0, 0.0
isin15469, 0.0, 0.0
isin15555, 0.0, 0.0
isin15626, 0.0, 0.0
isin15718, 0.0, 0.0
isin15777, 0.0, 0.0
isin15800, 0.0, 0.0
isin15878, 0.0, 0.0
isin15924, 0.0, 0.0
isin15925, 0.0, 0.0
isin16039, 0.0, 0.0
isin16052, 0.0, 0.0
isin16100, 0.0, 0.0
isin16101, 0.0, 0.0
isin16143, 0.0, 0.0
isin16198, 0.0, 0.0
isin16202, 0.0, 0.0
isin16282, 0.0, 0.0
isin16335, 0.0, 0.0
isin16357, 0.0, 0.0
isin16372, 0.0, 0.0
isin16373, 0.0, 0.0
isin16388, 0.0, 0.0
isin16408, 0.0, 0.0
isin16412, 0.0, 0.0
isin16414, 0.0, 0.0
isin16417, 0.0, 0.0
isin16450, 0.0, 0.0
isin16494, 0.0, 0.0
isin16500, 0.0, 0.0
isin16533, 0.0, 0.0
isin16575, 0.0, 0.0
isin16614, 0.0, 0.0
isin16617, 0.0, 0.0
isin16619, 0.0, 0.0
isin16633, 0.0, 0.0
isin16649, 0.0, 0.0
isin16676, 0.0, 0.0
isin16684, 0.0, 0.0
isin16725, 0.0, 0.0
isin16729, 0.0, 0.0
isin16733, 0.0, 0.0
isin16844, 0.0, 0.0
isin16847, 0.0, 0.0
isin16867, 0.0, 0.0
isin16916, 0.0, 0.0
isin16977, 0.0, 0.0
isin17000, 0.0, 0.0
isin17003, 0.0, 0.0
isin17007, 0.0, 0.0
isin17142, 0.0, 0.0
isin17228, 0.0, 0.0
isin17271, 0.0, 0.0
isin983, 0.0, 0.0
isin984, 0.0, 0.0
isin28, 0.0, 0.0
isin30, 0.0, 0.0
isin744, 0.0, 0.0
isin752, 0.0, 0.0
isin878, 0.0, 0.0
isin917, 0.0, 0.0
isin1188, 0.0, 0.0
isin1388, 0.0, 0.0
isin1416, 0.0, 0.0
isin1680, 0.0, 0.0
isin1682, 0.0, 0.0
isin2193, 0.0, 0.0
isin2210, 0.0, 0.0
isin2259, 0.0, 0.0
isin2357, 0.0, 0.0
isin2359, 0.0, 0.0
isin2705, 0.0, 0.0
isin2750, 0.0, 0.0
isin2754, 0.0, 0.0
isin2884, 0.0, 0.0
isin2885, 0.0, 0.0
isin3272, 0.0, 0.0
isin3363, 0.0, 0.0
isin3367, 0.0, 0.0
isin3432, 0.0, 0.0
isin3480, 0.0, 0.0
isin3489, 0.0, 0.0
isin3530, 0.0, 0.0
isin3643, 0.0, 0.0
isin3704, 0.0, 0.0
isin4086, 0.0, 0.0
isin4098, 0.0, 0.0
isin4220, 0.0, 0.0
isin4453, 0.0, 0.0
isin4542, 0.0, 0.0
isin5122, 0.0, 0.0
isin5129, 0.0, 0.0
isin5416, 0.0, 0.0
isin5660, 0.0, 0.0
isin5662, 0.0, 0.0
isin5769, 0.0, 0.0
isin5968, 0.0, 0.0
isin6636, 0.0, 0.0
isin6637, 0.0, 0.0
isin6639, 0.0, 0.0
isin6640, 0.0, 0.0
isin6744, 0.0, 0.0
isin6886, 0.0, 0.0
isin6938, 0.0, 0.0
isin7216, 0.0, 0.0
isin7908, 0.0, 0.0
isin8100, 0.0, 0.0
isin8116, 0.0, 0.0
isin8139, 0.0, 0.0
isin8152, 0.0, 0.0
isin8583, 0.0, 0.0
isin8588, 0.0, 0.0
isin9406, 0.0, 0.0
isin9408, 0.0, 0.0
isin9497, 0.0, 0.0
isin9534, 0.0, 0.0
isin9623, 0.0, 0.0
isin9625, 0.0, 0.0
isin9717, 0.0, 0.0
isin9718, 0.0, 0.0
isin9763, 0.0, 0.0
isin9958, 0.0, 0.0
isin10049, 0.0, 0.0
isin10104, 0.0, 0.0
isin10146, 0.0, 0.0
isin10151, 0.0, 0.0
isin10392, 0.0, 0.0
isin10395, 0.0, 0.0
isin10510, 0.0, 0.0
isin10522, 0.0, 0.0
isin10532, 0.0, 0.0
isin10536, 0.0, 0.0
isin10659, 0.0, 0.0
isin10680, 0.0, 0.0
isin10860, 0.0, 0.0
isin10871, 0.0, 0.0
isin11231, 0.0, 0.0
isin11309, 0.0, 0.0
isin11525, 0.0, 0.0
isin11842, 0.0, 0.0
isin11904, 0.0, 0.0
isin11906, 0.0, 0.0
isin12190, 0.0, 0.0
isin12192, 0.0, 0.0
isin12252, 0.0, 0.0
isin12264, 0.0, 0.0
isin12531, 0.0, 0.0
isin12676, 0.0, 0.0
isin12678, 0.0, 0.0
isin12698, 0.0, 0.0
isin12699, 0.0, 0.0
isin12703, 0.0, 0.0
isin12705, 0.0, 0.0
isin12806, 0.0, 0.0
isin12905, 0.0, 0.0
isin13192, 0.0, 0.0
isin13200, 0.0, 0.0
isin13201, 0.0, 0.0
isin13204, 0.0, 0.0
isin13403, 0.0, 0.0
isin13629, 0.0, 0.0
isin13630, 0.0, 0.0
isin13781, 0.0, 0.0
isin13784, 0.0, 0.0
isin13800, 0.0, 0.0
isin13804, 0.0, 0.0
isin14507, 0.0, 0.0
isin14582, 0.0, 0.0
isin14584, 0.0, 0.0
isin14695, 0.0, 0.0
isin14812, 0.0, 0.0
isin14817, 0.0, 0.0
isin14955, 0.0, 0.0
isin15124, 0.0, 0.0
isin15142, 0.0, 0.0
isin15150, 0.0, 0.0
isin15519, 0.0, 0.0
isin15520, 0.0, 0.0
isin15565, 0.0, 0.0
isin15569, 0.0, 0.0
isin15610, 0.0, 0.0
isin15970, 0.0, 0.0
isin15972, 0.0, 0.0
isin15990, 0.0, 0.0
isin16024, 0.0, 0.0
isin16147, 0.0, 0.0
isin16149, 0.0, 0.0
isin16261, 0.0, 0.0
isin16561, 0.0, 0.0
isin16637, 0.0, 0.0
isin16976, 0.0, 0.0
isin17037, 0.0, 0.0
isin17098, 0.0, 0.0
isin17300, 0.0, 0.0
isin6134, 0.0, 0.0
isin6137, 0.0, 0.0
isin813, 0.0, 0.0
isin32, 0.0, 0.0
isin34, 0.0, 0.0
isin37, 0.0, 0.0
isin93, 0.0, 0.0
isin143, 0.0, 0.0
isin150, 0.0, 0.0
isin161, 0.0, 0.0
isin200, 0.0, 0.0
isin204, 0.0, 0.0
isin218, 0.0, 0.0
isin224, 0.0, 0.0
isin230, 0.0, 0.0
isin232, 0.0, 0.0
isin269, 0.0, 0.0
isin281, 0.0, 0.0
isin298, 0.0, 0.0
isin314, 0.0, 0.0
isin315, 0.0, 0.0
isin329, 0.0, 0.0
isin341, 0.0, 0.0
isin489, 0.0, 0.0
isin503, 0.0, 0.0
isin504, 0.0, 0.0
isin563, 0.0, 0.0
isin568, 0.0, 0.0
isin577, 0.0, 0.0
isin596, 0.0, 0.0
isin629, 0.0, 0.0
isin634, 0.0, 0.0
isin636, 0.0, 0.0
isin637, 0.0, 0.0
isin661, 0.0, 0.0
isin719, 0.0, 0.0
isin726, 0.0, 0.0
isin732, 0.0, 0.0
isin737, 0.0, 0.0
isin763, 0.0, 0.0
isin764, 0.0, 0.0
isin767, 0.0, 0.0
isin768, 0.0, 0.0
isin776, 0.0, 0.0
isin801, 0.0, 0.0
isin802, 0.0, 0.0
isin824, 0.0, 0.0
isin827, 0.0, 0.0
isin828, 0.0, 0.0
isin829, 0.0, 0.0
isin835, 0.0, 0.0
isin868, 0.0, 0.0
isin874, 0.0, 0.0
isin877, 0.0, 0.0
isin889, 0.0, 0.0
isin972, 0.0, 0.0
isin975, 0.0, 0.0
isin993, 0.0, 0.0
isin1005, 0.0, 0.0
isin1035, 0.0, 0.0
isin1036, 0.0, 0.0
isin1040, 0.0, 0.0
isin1054, 0.0, 0.0
isin1084, 0.0, 0.0
isin1085, 0.0, 0.0
isin1094, 0.0, 0.0
isin1112, 0.0, 0.0
isin1121, 0.0, 0.0
isin1190, 0.0, 0.0
isin1191, 0.0, 0.0
isin1192, 0.0, 0.0
isin1196, 0.0, 0.0
isin1226, 0.0, 0.0
isin1233, 0.0, 0.0
isin1244, 0.0, 0.0
isin1249, 0.0, 0.0
isin1252, 0.0, 0.0
isin1253, 0.0, 0.0
isin1258, 0.0, 0.0
isin1259, 0.0, 0.0
isin1287, 0.0, 0.0
isin1343, 0.0, 0.0
isin1368, 0.0, 0.0
isin1371, 0.0, 0.0
isin1392, 0.0, 0.0
isin1393, 0.0, 0.0
isin1398, 0.0, 0.0
isin1409, 0.0, 0.0
isin1410, 0.0, 0.0
isin1413, 0.0, 0.0
isin1414, 0.0, 0.0
isin1417, 0.0, 0.0
isin1418, 0.0, 0.0
isin1428, 0.0, 0.0
isin1435, 0.0, 0.0
isin1436, 0.0, 0.0
isin1450, 0.0, 0.0
isin1488, 0.0, 0.0
isin1489, 0.0, 0.0
isin1495, 0.0, 0.0
isin1496, 0.0, 0.0
isin1501, 0.0, 0.0
isin1506, 0.0, 0.0
isin1507, 0.0, 0.0
isin1517, 0.0, 0.0
isin1518, 0.0, 0.0
isin1519, 0.0, 0.0
isin1533, 0.0, 0.0
isin1534, 0.0, 0.0
isin1589, 0.0, 0.0
isin1591, 0.0, 0.0
isin1592, 0.0, 0.0
isin1594, 0.0, 0.0
isin1595, 0.0, 0.0
isin1663, 0.0, 0.0
isin1668, 0.0, 0.0
isin1676, 0.0, 0.0
isin1681, 0.0, 0.0
isin1770, 0.0, 0.0
isin1781, 0.0, 0.0
isin1884, 0.0, 0.0
isin1886, 0.0, 0.0
isin1887, 0.0, 0.0
isin1888, 0.0, 0.0
isin1893, 0.0, 0.0
isin1900, 0.0, 0.0
isin1903, 0.0, 0.0
isin1909, 0.0, 0.0
isin1910, 0.0, 0.0
isin1911, 0.0, 0.0
isin1946, 0.0, 0.0
isin1952, 0.0, 0.0
isin1957, 0.0, 0.0
isin1959, 0.0, 0.0
isin1962, 0.0, 0.0
isin1968, 0.0, 0.0
isin1970, 0.0, 0.0
isin1986, 0.0, 0.0
isin1988, 0.0, 0.0
isin1990, 0.0, 0.0
isin1992, 0.0, 0.0
isin1999, 0.0, 0.0
isin2000, 0.0, 0.0
isin2005, 0.0, 0.0
isin2012, 0.0, 0.0
isin2016, 0.0, 0.0
isin2018, 0.0, 0.0
isin2019, 0.0, 0.0
isin2020, 0.0, 0.0
isin2022, 0.0, 0.0
isin2040, 0.0, 0.0
isin2041, 0.0, 0.0
isin2047, 0.0, 0.0
isin2063, 0.0, 0.0
isin2255, 0.0, 0.0
isin2277, 0.0, 0.0
isin2318, 0.0, 0.0
isin2321, 0.0, 0.0
isin2328, 0.0, 0.0
isin2330, 0.0, 0.0
isin2347, 0.0, 0.0
isin2350, 0.0, 0.0
isin2358, 0.0, 0.0
isin2374, 0.0, 0.0
isin2377, 0.0, 0.0
isin2477, 0.0, 0.0
isin2480, 0.0, 0.0
isin2481, 0.0, 0.0
isin2512, 0.0, 0.0
isin2629, 0.0, 0.0
isin2633, 0.0, 0.0
isin2684, 0.0, 0.0
isin2687, 0.0, 0.0
isin2713, 0.0, 0.0
isin2730, 0.0, 0.0
isin2757, 0.0, 0.0
isin2803, 0.0, 0.0
isin2817, 0.0, 0.0
isin2852, 0.0, 0.0
isin2908, 0.0, 0.0
isin2914, 0.0, 0.0
isin2918, 0.0, 0.0
isin2991, 0.0, 0.0
isin3058, 0.0, 0.0
isin3059, 0.0, 0.0
isin3067, 0.0, 0.0
isin3073, 0.0, 0.0
isin3156, 0.0, 0.0
isin3164, 0.0, 0.0
isin3202, 0.0, 0.0
isin3212, 0.0, 0.0
isin3216, 0.0, 0.0
isin3218, 0.0, 0.0
isin3220, 0.0, 0.0
isin3222, 0.0, 0.0
isin3232, 0.0, 0.0
isin3238, 0.0, 0.0
isin3245, 0.0, 0.0
isin3247, 0.0, 0.0
isin3271, 0.0, 0.0
isin3292, 0.0, 0.0
isin3295, 0.0, 0.0
isin3355, 0.0, 0.0
isin3373, 0.0, 0.0
isin3391, 0.0, 0.0
isin3429, 0.0, 0.0
isin3433, 0.0, 0.0
isin3440, 0.0, 0.0
isin3442, 0.0, 0.0
isin3451, 0.0, 0.0
isin3470, 0.0, 0.0
isin3478, 0.0, 0.0
isin3485, 0.0, 0.0
isin3486, 0.0, 0.0
isin3498, 0.0, 0.0
isin3504, 0.0, 0.0
isin3508, 0.0, 0.0
isin3523, 0.0, 0.0
isin3526, 0.0, 0.0
isin3527, 0.0, 0.0
isin3528, 0.0, 0.0
isin3613, 0.0, 0.0
isin3693, 0.0, 0.0
isin3706, 0.0, 0.0
isin3709, 0.0, 0.0
isin3710, 0.0, 0.0
isin3729, 0.0, 0.0
isin3775, 0.0, 0.0
isin3789, 0.0, 0.0
isin3791, 0.0, 0.0
isin3793, 0.0, 0.0
isin3795, 0.0, 0.0
isin3796, 0.0, 0.0
isin3800, 0.0, 0.0
isin3801, 0.0, 0.0
isin3807, 0.0, 0.0
isin3808, 0.0, 0.0
isin3809, 0.0, 0.0
isin3815, 0.0, 0.0
isin3831, 0.0, 0.0
isin3832, 0.0, 0.0
isin3841, 0.0, 0.0
isin3843, 0.0, 0.0
isin3846, 0.0, 0.0
isin3849, 0.0, 0.0
isin3851, 0.0, 0.0
isin3853, 0.0, 0.0
isin3872, 0.0, 0.0
isin3874, 0.0, 0.0
isin3881, 0.0, 0.0
isin3883, 0.0, 0.0
isin3885, 0.0, 0.0
isin3887, 0.0, 0.0
isin3889, 0.0, 0.0
isin3895, 0.0, 0.0
isin3897, 0.0, 0.0
isin3899, 0.0, 0.0
isin3936, 0.0, 0.0
isin3964, 0.0, 0.0
isin3968, 0.0, 0.0
isin3969, 0.0, 0.0
isin3971, 0.0, 0.0
isin4075, 0.0, 0.0
isin4099, 0.0, 0.0
isin4101, 0.0, 0.0
isin4102, 0.0, 0.0
isin4104, 0.0, 0.0
isin4131, 0.0, 0.0
isin4132, 0.0, 0.0
isin4139, 0.0, 0.0
isin4202, 0.0, 0.0
isin4204, 0.0, 0.0
isin4214, 0.0, 0.0
isin4218, 0.0, 0.0
isin4219, 0.0, 0.0
isin4234, 0.0, 0.0
isin4242, 0.0, 0.0
isin4244, 0.0, 0.0
isin4245, 0.0, 0.0
isin4267, 0.0, 0.0
isin4395, 0.0, 0.0
isin4480, 0.0, 0.0
isin4488, 0.0, 0.0
isin4500, 0.0, 0.0
isin4508, 0.0, 0.0
isin4526, 0.0, 0.0
isin4527, 0.0, 0.0
isin4531, 0.0, 0.0
isin4532, 0.0, 0.0
isin4552, 0.0, 0.0
isin4565, 0.0, 0.0
isin4606, 0.0, 0.0
isin4666, 0.0, 0.0
isin4668, 0.0, 0.0
isin4727, 0.0, 0.0
isin4728, 0.0, 0.0
isin4735, 0.0, 0.0
isin4740, 0.0, 0.0
isin4784, 0.0, 0.0
isin4789, 0.0, 0.0
isin4808, 0.0, 0.0
isin4843, 0.0, 0.0
isin4847, 0.0, 0.0
isin4848, 0.0, 0.0
isin4859, 0.0, 0.0
isin4861, 0.0, 0.0
isin4862, 0.0, 0.0
isin4866, 0.0, 0.0
isin4874, 0.0, 0.0
isin4876, 0.0, 0.0
isin4982, 0.0, 0.0
isin5019, 0.0, 0.0
isin5027, 0.0, 0.0
isin5028, 0.0, 0.0
isin5059, 0.0, 0.0
isin5125, 0.0, 0.0
isin5133, 0.0, 0.0
isin5136, 0.0, 0.0
isin5145, 0.0, 0.0
isin5146, 0.0, 0.0
isin5151, 0.0, 0.0
isin5157, 0.0, 0.0
isin5178, 0.0, 0.0
isin5248, 0.0, 0.0
isin5252, 0.0, 0.0
isin5254, 0.0, 0.0
isin5285, 0.0, 0.0
isin5325, 0.0, 0.0
isin5360, 0.0, 0.0
isin5415, 0.0, 0.0
isin5436, 0.0, 0.0
isin5437, 0.0, 0.0
isin5446, 0.0, 0.0
isin5448, 0.0, 0.0
isin5449, 0.0, 0.0
isin5451, 0.0, 0.0
isin5454, 0.0, 0.0
isin5529, 0.0, 0.0
isin5560, 0.0, 0.0
isin5567, 0.0, 0.0
isin5570, 0.0, 0.0
isin5605, 0.0, 0.0
isin5641, 0.0, 0.0
isin5643, 0.0, 0.0
isin5645, 0.0, 0.0
isin5650, 0.0, 0.0
isin5659, 0.0, 0.0
isin5668, 0.0, 0.0
isin5674, 0.0, 0.0
isin5765, 0.0, 0.0
isin5781, 0.0, 0.0
isin5790, 0.0, 0.0
isin5795, 0.0, 0.0
isin5895, 0.0, 0.0
isin5937, 0.0, 0.0
isin5939, 0.0, 0.0
isin5940, 0.0, 0.0
isin5941, 0.0, 0.0
isin5948, 0.0, 0.0
isin5959, 0.0, 0.0
isin5963, 0.0, 0.0
isin5970, 0.0, 0.0
isin6063, 0.0, 0.0
isin6101, 0.0, 0.0
isin6146, 0.0, 0.0
isin6196, 0.0, 0.0
isin6208, 0.0, 0.0
isin6532, 0.0, 0.0
isin6535, 0.0, 0.0
isin6550, 0.0, 0.0
isin6557, 0.0, 0.0
isin6558, 0.0, 0.0
isin6567, 0.0, 0.0
isin6631, 0.0, 0.0
isin6632, 0.0, 0.0
isin6642, 0.0, 0.0
isin6644, 0.0, 0.0
isin6646, 0.0, 0.0
isin6660, 0.0, 0.0
isin6661, 0.0, 0.0
isin6663, 0.0, 0.0
isin6686, 0.0, 0.0
isin6745, 0.0, 0.0
isin6850, 0.0, 0.0
isin6884, 0.0, 0.0
isin6890, 0.0, 0.0
isin7050, 0.0, 0.0
isin7059, 0.0, 0.0
isin7098, 0.0, 0.0
isin7112, 0.0, 0.0
isin7156, 0.0, 0.0
isin7172, 0.0, 0.0
isin7201, 0.0, 0.0
isin7203, 0.0, 0.0
isin7213, 0.0, 0.0
isin7232, 0.0, 0.0
isin7334, 0.0, 0.0
isin7335, 0.0, 0.0
isin7342, 0.0, 0.0
isin7420, 0.0, 0.0
isin7457, 0.0, 0.0
isin7489, 0.0, 0.0
isin7496, 0.0, 0.0
isin7532, 0.0, 0.0
isin7546, 0.0, 0.0
isin7550, 0.0, 0.0
isin7551, 0.0, 0.0
isin7552, 0.0, 0.0
isin7553, 0.0, 0.0
isin7556, 0.0, 0.0
isin7557, 0.0, 0.0
isin7558, 0.0, 0.0
isin7562, 0.0, 0.0
isin7619, 0.0, 0.0
isin7648, 0.0, 0.0
isin7649, 0.0, 0.0
isin7675, 0.0, 0.0
isin7676, 0.0, 0.0
isin7682, 0.0, 0.0
isin7683, 0.0, 0.0
isin7716, 0.0, 0.0
isin7744, 0.0, 0.0
isin7745, 0.0, 0.0
isin7746, 0.0, 0.0
isin7754, 0.0, 0.0
isin7755, 0.0, 0.0
isin7756, 0.0, 0.0
isin7776, 0.0, 0.0
isin7784, 0.0, 0.0
isin7785, 0.0, 0.0
isin7786, 0.0, 0.0
isin7789, 0.0, 0.0
isin7790, 0.0, 0.0
isin7791, 0.0, 0.0
isin7804, 0.0, 0.0
isin7823, 0.0, 0.0
isin7847, 0.0, 0.0
isin7864, 0.0, 0.0
isin7889, 0.0, 0.0
isin7909, 0.0, 0.0
isin7912, 0.0, 0.0
isin7915, 0.0, 0.0
isin7919, 0.0, 0.0
isin7952, 0.0, 0.0
isin7955, 0.0, 0.0
isin7956, 0.0, 0.0
isin7975, 0.0, 0.0
isin8019, 0.0, 0.0
isin8024, 0.0, 0.0
isin8025, 0.0, 0.0
isin8027, 0.0, 0.0
isin8055, 0.0, 0.0
isin8057, 0.0, 0.0
isin8073, 0.0, 0.0
isin8093, 0.0, 0.0
isin8101, 0.0, 0.0
isin8130, 0.0, 0.0
isin8131, 0.0, 0.0
isin8232, 0.0, 0.0
isin8249, 0.0, 0.0
isin8251, 0.0, 0.0
isin8291, 0.0, 0.0
isin8292, 0.0, 0.0
isin8408, 0.0, 0.0
isin8484, 0.0, 0.0
isin8486, 0.0, 0.0
isin8490, 0.0, 0.0
isin8493, 0.0, 0.0
isin8498, 0.0, 0.0
isin8564, 0.0, 0.0
isin8611, 0.0, 0.0
isin8613, 0.0, 0.0
isin8628, 0.0, 0.0
isin8629, 0.0, 0.0
isin8631, 0.0, 0.0
isin8632, 0.0, 0.0
isin8675, 0.0, 0.0
isin8682, 0.0, 0.0
isin8687, 0.0, 0.0
isin8719, 0.0, 0.0
isin8728, 0.0, 0.0
isin8737, 0.0, 0.0
isin8739, 0.0, 0.0
isin8743, 0.0, 0.0
isin8751, 0.0, 0.0
isin8769, 0.0, 0.0
isin8772, 0.0, 0.0
isin8837, 0.0, 0.0
isin8865, 0.0, 0.0
isin8877, 0.0, 0.0
isin8905, 0.0, 0.0
isin8906, 0.0, 0.0
isin8931, 0.0, 0.0
isin8946, 0.0, 0.0
isin8947, 0.0, 0.0
isin8948, 0.0, 0.0
isin8949, 0.0, 0.0
isin8951, 0.0, 0.0
isin8956, 0.0, 0.0
isin8960, 0.0, 0.0
isin8997, 0.0, 0.0
isin9064, 0.0, 0.0
isin9076, 0.0, 0.0
isin9077, 0.0, 0.0
isin9094, 0.0, 0.0
isin9098, 0.0, 0.0
isin9119, 0.0, 0.0
isin9120, 0.0, 0.0
isin9133, 0.0, 0.0
isin9134, 0.0, 0.0
isin9154, 0.0, 0.0
isin9164, 0.0, 0.0
isin9170, 0.0, 0.0
isin9177, 0.0, 0.0
isin9178, 0.0, 0.0
isin9189, 0.0, 0.0
isin9190, 0.0, 0.0
isin9244, 0.0, 0.0
isin9251, 0.0, 0.0
isin9266, 0.0, 0.0
isin9349, 0.0, 0.0
isin9389, 0.0, 0.0
isin9405, 0.0, 0.0
isin9452, 0.0, 0.0
isin9459, 0.0, 0.0
isin9487, 0.0, 0.0
isin9496, 0.0, 0.0
isin9498, 0.0, 0.0
isin9499, 0.0, 0.0
isin9538, 0.0, 0.0
isin9549, 0.0, 0.0
isin9554, 0.0, 0.0
isin9556, 0.0, 0.0
isin9560, 0.0, 0.0
isin9561, 0.0, 0.0
isin9565, 0.0, 0.0
isin9570, 0.0, 0.0
isin9604, 0.0, 0.0
isin9606, 0.0, 0.0
isin9607, 0.0, 0.0
isin9609, 0.0, 0.0
isin9614, 0.0, 0.0
isin9627, 0.0, 0.0
isin9629, 0.0, 0.0
isin9631, 0.0, 0.0
isin9648, 0.0, 0.0
isin9671, 0.0, 0.0
isin9721, 0.0, 0.0
isin9722, 0.0, 0.0
isin9730, 0.0, 0.0
isin9734, 0.0, 0.0
isin9736, 0.0, 0.0
isin9753, 0.0, 0.0
isin9778, 0.0, 0.0
isin9867, 0.0, 0.0
isin10027, 0.0, 0.0
isin10028, 0.0, 0.0
isin10063, 0.0, 0.0
isin10064, 0.0, 0.0
isin10066, 0.0, 0.0
isin10092, 0.0, 0.0
isin10102, 0.0, 0.0
isin10109, 0.0, 0.0
isin10110, 0.0, 0.0
isin10121, 0.0, 0.0
isin10155, 0.0, 0.0
isin10159, 0.0, 0.0
isin10161, 0.0, 0.0
isin10163, 0.0, 0.0
isin10166, 0.0, 0.0
isin10168, 0.0, 0.0
isin10179, 0.0, 0.0
isin10180, 0.0, 0.0
isin10191, 0.0, 0.0
isin10228, 0.0, 0.0
isin10266, 0.0, 0.0
isin10269, 0.0, 0.0
isin10271, 0.0, 0.0
isin10303, 0.0, 0.0
isin10305, 0.0, 0.0
isin10306, 0.0, 0.0
isin10320, 0.0, 0.0
isin10354, 0.0, 0.0
isin10355, 0.0, 0.0
isin10390, 0.0, 0.0
isin10391, 0.0, 0.0
isin10398, 0.0, 0.0
isin10406, 0.0, 0.0
isin10436, 0.0, 0.0
isin10474, 0.0, 0.0
isin10477, 0.0, 0.0
isin10479, 0.0, 0.0
isin10480, 0.0, 0.0
isin10497, 0.0, 0.0
isin10507, 0.0, 0.0
isin10508, 0.0, 0.0
isin10513, 0.0, 0.0
isin10525, 0.0, 0.0
isin10533, 0.0, 0.0
isin10537, 0.0, 0.0
isin10540, 0.0, 0.0
isin10543, 0.0, 0.0
isin10588, 0.0, 0.0
isin10675, 0.0, 0.0
isin10683, 0.0, 0.0
isin10725, 0.0, 0.0
isin10805, 0.0, 0.0
isin10868, 0.0, 0.0
isin10869, 0.0, 0.0
isin10872, 0.0, 0.0
isin10906, 0.0, 0.0
isin10907, 0.0, 0.0
isin10908, 0.0, 0.0
isin10909, 0.0, 0.0
isin10910, 0.0, 0.0
isin10945, 0.0, 0.0
isin10946, 0.0, 0.0
isin10952, 0.0, 0.0
isin10954, 0.0, 0.0
isin10962, 0.0, 0.0
isin10995, 0.0, 0.0
isin10997, 0.0, 0.0
isin11002, 0.0, 0.0
isin11007, 0.0, 0.0
isin11010, 0.0, 0.0
isin11012, 0.0, 0.0
isin11014, 0.0, 0.0
isin11029, 0.0, 0.0
isin11096, 0.0, 0.0
isin11166, 0.0, 0.0
isin11228, 0.0, 0.0
isin11233, 0.0, 0.0
isin11234, 0.0, 0.0
isin11235, 0.0, 0.0
isin11240, 0.0, 0.0
isin11249, 0.0, 0.0
isin11267, 0.0, 0.0
isin11286, 0.0, 0.0
isin11287, 0.0, 0.0
isin11288, 0.0, 0.0
isin11289, 0.0, 0.0
isin11316, 0.0, 0.0
isin11334, 0.0, 0.0
isin11351, 0.0, 0.0
isin11356, 0.0, 0.0
isin11381, 0.0, 0.0
isin11382, 0.0, 0.0
isin11383, 0.0, 0.0
isin11384, 0.0, 0.0
isin11386, 0.0, 0.0
isin11405, 0.0, 0.0
isin11436, 0.0, 0.0
isin11497, 0.0, 0.0
isin11557, 0.0, 0.0
isin11559, 0.0, 0.0
isin11579, 0.0, 0.0
isin11580, 0.0, 0.0
isin11582, 0.0, 0.0
isin11583, 0.0, 0.0
isin11637, 0.0, 0.0
isin11638, 0.0, 0.0
isin11641, 0.0, 0.0
isin11706, 0.0, 0.0
isin11709, 0.0, 0.0
isin11832, 0.0, 0.0
isin11839, 0.0, 0.0
isin11847, 0.0, 0.0
isin11948, 0.0, 0.0
isin12007, 0.0, 0.0
isin12011, 0.0, 0.0
isin12078, 0.0, 0.0
isin12132, 0.0, 0.0
isin12133, 0.0, 0.0
isin12168, 0.0, 0.0
isin12209, 0.0, 0.0
isin12222, 0.0, 0.0
isin12237, 0.0, 0.0
isin12238, 0.0, 0.0
isin12333, 0.0, 0.0
isin12369, 0.0, 0.0
isin12439, 0.0, 0.0
isin12443, 0.0, 0.0
isin12478, 0.0, 0.0
isin12480, 0.0, 0.0
isin12481, 0.0, 0.0
isin12485, 0.0, 0.0
isin12487, 0.0, 0.0
isin12496, 0.0, 0.0
isin12497, 0.0, 0.0
isin12500, 0.0, 0.0
isin12501, 0.0, 0.0
isin12507, 0.0, 0.0
isin12508, 0.0, 0.0
isin12509, 0.0, 0.0
isin12533, 0.0, 0.0
isin12571, 0.0, 0.0
isin12572, 0.0, 0.0
isin12654, 0.0, 0.0
isin12655, 0.0, 0.0
isin12656, 0.0, 0.0
isin12658, 0.0, 0.0
isin12660, 0.0, 0.0
isin12662, 0.0, 0.0
isin12664, 0.0, 0.0
isin12670, 0.0, 0.0
isin12671, 0.0, 0.0
isin12702, 0.0, 0.0
isin12710, 0.0, 0.0
isin12747, 0.0, 0.0
isin12749, 0.0, 0.0
isin12751, 0.0, 0.0
isin12763, 0.0, 0.0
isin12773, 0.0, 0.0
isin12774, 0.0, 0.0
isin12781, 0.0, 0.0
isin12783, 0.0, 0.0
isin12794, 0.0, 0.0
isin12807, 0.0, 0.0
isin12810, 0.0, 0.0
isin12813, 0.0, 0.0
isin12902, 0.0, 0.0
isin12908, 0.0, 0.0
isin12915, 0.0, 0.0
isin12952, 0.0, 0.0
isin12955, 0.0, 0.0
isin12971, 0.0, 0.0
isin12978, 0.0, 0.0
isin12986, 0.0, 0.0
isin13001, 0.0, 0.0
isin13012, 0.0, 0.0
isin13013, 0.0, 0.0
isin13014, 0.0, 0.0
isin13028, 0.0, 0.0
isin13036, 0.0, 0.0
isin13038, 0.0, 0.0
isin13040, 0.0, 0.0
isin13046, 0.0, 0.0
isin13049, 0.0, 0.0
isin13089, 0.0, 0.0
isin13103, 0.0, 0.0
isin13104, 0.0, 0.0
isin13105, 0.0, 0.0
isin13125, 0.0, 0.0
isin13165, 0.0, 0.0
isin13168, 0.0, 0.0
isin13184, 0.0, 0.0
isin13187, 0.0, 0.0
isin13188, 0.0, 0.0
isin13190, 0.0, 0.0
isin13193, 0.0, 0.0
isin13195, 0.0, 0.0
isin13282, 0.0, 0.0
isin13298, 0.0, 0.0
isin13299, 0.0, 0.0
isin13301, 0.0, 0.0
isin13303, 0.0, 0.0
isin13304, 0.0, 0.0
isin13314, 0.0, 0.0
isin13315, 0.0, 0.0
isin13316, 0.0, 0.0
isin13317, 0.0, 0.0
isin13318, 0.0, 0.0
isin13349, 0.0, 0.0
isin13350, 0.0, 0.0
isin13365, 0.0, 0.0
isin13384, 0.0, 0.0
isin13385, 0.0, 0.0
isin13401, 0.0, 0.0
isin13402, 0.0, 0.0
isin13408, 0.0, 0.0
isin13470, 0.0, 0.0
isin13471, 0.0, 0.0
isin13473, 0.0, 0.0
isin13474, 0.0, 0.0
isin13475, 0.0, 0.0
isin13476, 0.0, 0.0
isin13494, 0.0, 0.0
isin13511, 0.0, 0.0
isin13512, 0.0, 0.0
isin13513, 0.0, 0.0
isin13515, 0.0, 0.0
isin13526, 0.0, 0.0
isin13536, 0.0, 0.0
isin13574, 0.0, 0.0
isin13660, 0.0, 0.0
isin13666, 0.0, 0.0
isin13671, 0.0, 0.0
isin13677, 0.0, 0.0
isin13693, 0.0, 0.0
isin13696, 0.0, 0.0
isin13714, 0.0, 0.0
isin13715, 0.0, 0.0
isin13718, 0.0, 0.0
isin13719, 0.0, 0.0
isin13720, 0.0, 0.0
isin13721, 0.0, 0.0
isin13735, 0.0, 0.0
isin13736, 0.0, 0.0
isin13747, 0.0, 0.0
isin13790, 0.0, 0.0
isin13796, 0.0, 0.0
isin13806, 0.0, 0.0
isin13810, 0.0, 0.0
isin13821, 0.0, 0.0
isin13822, 0.0, 0.0
isin13823, 0.0, 0.0
isin13824, 0.0, 0.0
isin13825, 0.0, 0.0
isin13827, 0.0, 0.0
isin13828, 0.0, 0.0
isin13833, 0.0, 0.0
isin13835, 0.0, 0.0
isin13848, 0.0, 0.0
isin13850, 0.0, 0.0
isin13851, 0.0, 0.0
isin13852, 0.0, 0.0
isin13869, 0.0, 0.0
isin13899, 0.0, 0.0
isin13923, 0.0, 0.0
isin13924, 0.0, 0.0
isin13926, 0.0, 0.0
isin13927, 0.0, 0.0
isin13935, 0.0, 0.0
isin13944, 0.0, 0.0
isin13955, 0.0, 0.0
isin13961, 0.0, 0.0
isin14044, 0.0, 0.0
isin14069, 0.0, 0.0
isin14070, 0.0, 0.0
isin14084, 0.0, 0.0
isin14087, 0.0, 0.0
isin14116, 0.0, 0.0
isin14117, 0.0, 0.0
isin14133, 0.0, 0.0
isin14193, 0.0, 0.0
isin14194, 0.0, 0.0
isin14220, 0.0, 0.0
isin14233, 0.0, 0.0
isin14235, 0.0, 0.0
isin14248, 0.0, 0.0
isin14344, 0.0, 0.0
isin14348, 0.0, 0.0
isin14355, 0.0, 0.0
isin14359, 0.0, 0.0
isin14361, 0.0, 0.0
isin14363, 0.0, 0.0
isin14368, 0.0, 0.0
isin14370, 0.0, 0.0
isin14393, 0.0, 0.0
isin14394, 0.0, 0.0
isin14397, 0.0, 0.0
isin14437, 0.0, 0.0
isin14439, 0.0, 0.0
isin14443, 0.0, 0.0
isin14445, 0.0, 0.0
isin14487, 0.0, 0.0
isin14489, 0.0, 0.0
isin14502, 0.0, 0.0
isin14506, 0.0, 0.0
isin14508, 0.0, 0.0
isin14511, 0.0, 0.0
isin14576, 0.0, 0.0
isin14594, 0.0, 0.0
isin14609, 0.0, 0.0
isin14610, 0.0, 0.0
isin14672, 0.0, 0.0
isin14719, 0.0, 0.0
isin14720, 0.0, 0.0
isin14721, 0.0, 0.0
isin14727, 0.0, 0.0
isin14733, 0.0, 0.0
isin14737, 0.0, 0.0
isin14744, 0.0, 0.0
isin14746, 0.0, 0.0
isin14787, 0.0, 0.0
isin14800, 0.0, 0.0
isin14802, 0.0, 0.0
isin14814, 0.0, 0.0
isin14816, 0.0, 0.0
isin14818, 0.0, 0.0
isin14822, 0.0, 0.0
isin14850, 0.0, 0.0
isin14851, 0.0, 0.0
isin14875, 0.0, 0.0
isin14917, 0.0, 0.0
isin14918, 0.0, 0.0
isin15064, 0.0, 0.0
isin15108, 0.0, 0.0
isin15119, 0.0, 0.0
isin15121, 0.0, 0.0
isin15122, 0.0, 0.0
isin15123, 0.0, 0.0
isin15134, 0.0, 0.0
isin15138, 0.0, 0.0
isin15144, 0.0, 0.0
isin15146, 0.0, 0.0
isin15152, 0.0, 0.0
isin15195, 0.0, 0.0
isin15219, 0.0, 0.0
isin15227, 0.0, 0.0
isin15279, 0.0, 0.0
isin15282, 0.0, 0.0
isin15283, 0.0, 0.0
isin15287, 0.0, 0.0
isin15325, 0.0, 0.0
isin15348, 0.0, 0.0
isin15364, 0.0, 0.0
isin15378, 0.0, 0.0
isin15387, 0.0, 0.0
isin15404, 0.0, 0.0
isin15405, 0.0, 0.0
isin15439, 0.0, 0.0
isin15504, 0.0, 0.0
isin15525, 0.0, 0.0
isin15538, 0.0, 0.0
isin15545, 0.0, 0.0
isin15546, 0.0, 0.0
isin15563, 0.0, 0.0
isin15564, 0.0, 0.0
isin15567, 0.0, 0.0
isin15573, 0.0, 0.0
isin15576, 0.0, 0.0
isin15591, 0.0, 0.0
isin15598, 0.0, 0.0
isin15607, 0.0, 0.0
isin15612, 0.0, 0.0
isin15633, 0.0, 0.0
isin15660, 0.0, 0.0
isin15676, 0.0, 0.0
isin15701, 0.0, 0.0
isin15711, 0.0, 0.0
isin15715, 0.0, 0.0
isin15717, 0.0, 0.0
isin15751, 0.0, 0.0
isin15756, 0.0, 0.0
isin15760, 0.0, 0.0
isin15763, 0.0, 0.0
isin15765, 0.0, 0.0
isin15768, 0.0, 0.0
isin15770, 0.0, 0.0
isin15772, 0.0, 0.0
isin15780, 0.0, 0.0
isin15806, 0.0, 0.0
isin15813, 0.0, 0.0
isin15843, 0.0, 0.0
isin15857, 0.0, 0.0
isin15860, 0.0, 0.0
isin15862, 0.0, 0.0
isin15870, 0.0, 0.0
isin15884, 0.0, 0.0
isin15897, 0.0, 0.0
isin15903, 0.0, 0.0
isin15912, 0.0, 0.0
isin15930, 0.0, 0.0
isin15939, 0.0, 0.0
isin15942, 0.0, 0.0
isin15943, 0.0, 0.0
isin15944, 0.0, 0.0
isin15950, 0.0, 0.0
isin15951, 0.0, 0.0
isin15956, 0.0, 0.0
isin15958, 0.0, 0.0
isin15967, 0.0, 0.0
isin15968, 0.0, 0.0
isin15974, 0.0, 0.0
isin15978, 0.0, 0.0
isin15981, 0.0, 0.0
isin15987, 0.0, 0.0
isin16023, 0.0, 0.0
isin16049, 0.0, 0.0
isin16077, 0.0, 0.0
isin16082, 0.0, 0.0
isin16083, 0.0, 0.0
isin16084, 0.0, 0.0
isin16086, 0.0, 0.0
isin16091, 0.0, 0.0
isin16116, 0.0, 0.0
isin16121, 0.0, 0.0
isin16122, 0.0, 0.0
isin16124, 0.0, 0.0
isin16134, 0.0, 0.0
isin16146, 0.0, 0.0
isin16204, 0.0, 0.0
isin16214, 0.0, 0.0
isin16222, 0.0, 0.0
isin16246, 0.0, 0.0
isin16257, 0.0, 0.0
isin16258, 0.0, 0.0
isin16260, 0.0, 0.0
isin16272, 0.0, 0.0
isin16288, 0.0, 0.0
isin16315, 0.0, 0.0
isin16402, 0.0, 0.0
isin16410, 0.0, 0.0
isin16443, 0.0, 0.0
isin16452, 0.0, 0.0
isin16453, 0.0, 0.0
isin16460, 0.0, 0.0
isin16484, 0.0, 0.0
isin16485, 0.0, 0.0
isin16491, 0.0, 0.0
isin16540, 0.0, 0.0
isin16550, 0.0, 0.0
isin16583, 0.0, 0.0
isin16601, 0.0, 0.0
isin16664, 0.0, 0.0
isin16674, 0.0, 0.0
isin16681, 0.0, 0.0
isin16727, 0.0, 0.0
isin16766, 0.0, 0.0
isin16792, 0.0, 0.0
isin16798, 0.0, 0.0
isin16820, 0.0, 0.0
isin16842, 0.0, 0.0
isin16900, 0.0, 0.0
isin16911, 0.0, 0.0
isin16918, 0.0, 0.0
isin16939, 0.0, 0.0
isin16963, 0.0, 0.0
isin16998, 0.0, 0.0
isin16999, 0.0, 0.0
isin17013, 0.0, 0.0
isin17028, 0.0, 0.0
isin17060, 0.0, 0.0
isin17062, 0.0, 0.0
isin17073, 0.0, 0.0
isin17104, 0.0, 0.0
isin17122, 0.0, 0.0
isin17131, 0.0, 0.0
isin17134, 0.0, 0.0
isin17148, 0.0, 0.0
isin17149, 0.0, 0.0
isin17163, 0.0, 0.0
isin17172, 0.0, 0.0
isin17191, 0.0, 0.0
isin17219, 0.0, 0.0
isin17232, 0.0, 0.0
isin17254, 0.0, 0.0
isin17255, 0.0, 0.0
isin17260, 0.0, 0.0
isin17263, 0.0, 0.0
isin17278, 0.0, 0.0
isin17279, 0.0, 0.0
isin17289, 0.0, 0.0
isin17296, 0.0, 0.0
isin17308, 0.0, 0.0
isin17309, 0.0, 0.0
isin17315, 0.0, 0.0
isin17324, 0.0, 0.0
isin17325, 0.0, 0.0
isin17327, 0.0, 0.0
isin9, 0.0, 0.0
isin10, 0.0, 0.0
isin11, 0.0, 0.0
isin12, 0.0, 0.0
isin13, 0.0, 0.0
isin43, 0.0, 0.0
isin51, 0.0, 0.0
isin123, 0.0, 0.0
isin158, 0.0, 0.0
isin160, 0.0, 0.0
isin199, 0.0, 0.0
isin308, 0.0, 0.0
isin348, 0.0, 0.0
isin358, 0.0, 0.0
isin370, 0.0, 0.0
isin371, 0.0, 0.0
isin390, 0.0, 0.0
isin403, 0.0, 0.0
isin404, 0.0, 0.0
isin405, 0.0, 0.0
isin406, 0.0, 0.0
isin407, 0.0, 0.0
isin411, 0.0, 0.0
isin419, 0.0, 0.0
isin447, 0.0, 0.0
isin450, 0.0, 0.0
isin454, 0.0, 0.0
isin456, 0.0, 0.0
isin472, 0.0, 0.0
isin480, 0.0, 0.0
isin499, 0.0, 0.0
isin521, 0.0, 0.0
isin537, 0.0, 0.0
isin578, 0.0, 0.0
isin601, 0.0, 0.0
isin608, 0.0, 0.0
isin656, 0.0, 0.0
isin663, 0.0, 0.0
isin699, 0.0, 0.0
isin703, 0.0, 0.0
isin704, 0.0, 0.0
isin705, 0.0, 0.0
isin717, 0.0, 0.0
isin741, 0.0, 0.0
isin745, 0.0, 0.0
isin771, 0.0, 0.0
isin836, 0.0, 0.0
isin837, 0.0, 0.0
isin842, 0.0, 0.0
isin845, 0.0, 0.0
isin896, 0.0, 0.0
isin931, 0.0, 0.0
isin932, 0.0, 0.0
isin956, 0.0, 0.0
isin990, 0.0, 0.0
isin1006, 0.0, 0.0
isin1077, 0.0, 0.0
isin1193, 0.0, 0.0
isin1215, 0.0, 0.0
isin1231, 0.0, 0.0
isin1236, 0.0, 0.0
isin1254, 0.0, 0.0
isin1260, 0.0, 0.0
isin1270, 0.0, 0.0
isin1271, 0.0, 0.0
isin1273, 0.0, 0.0
isin1281, 0.0, 0.0
isin1305, 0.0, 0.0
isin1342, 0.0, 0.0
isin1363, 0.0, 0.0
isin1431, 0.0, 0.0
isin1464, 0.0, 0.0
isin1521, 0.0, 0.0
isin1523, 0.0, 0.0
isin1582, 0.0, 0.0
isin1596, 0.0, 0.0
isin1899, 0.0, 0.0
isin1927, 0.0, 0.0
isin1994, 0.0, 0.0
isin2010, 0.0, 0.0
isin2179, 0.0, 0.0
isin2204, 0.0, 0.0
isin2207, 0.0, 0.0
isin2218, 0.0, 0.0
isin2219, 0.0, 0.0
isin2264, 0.0, 0.0
isin2291, 0.0, 0.0
isin2292, 0.0, 0.0
isin2301, 0.0, 0.0
isin2314, 0.0, 0.0
isin2315, 0.0, 0.0
isin2339, 0.0, 0.0
isin2360, 0.0, 0.0
isin2368, 0.0, 0.0
isin2380, 0.0, 0.0
isin2381, 0.0, 0.0
isin2417, 0.0, 0.0
isin2426, 0.0, 0.0
isin2442, 0.0, 0.0
isin2443, 0.0, 0.0
isin2444, 0.0, 0.0
isin2557, 0.0, 0.0
isin2593, 0.0, 0.0
isin2594, 0.0, 0.0
isin2666, 0.0, 0.0
isin2673, 0.0, 0.0
isin2784, 0.0, 0.0
isin2811, 0.0, 0.0
isin2828, 0.0, 0.0
isin2892, 0.0, 0.0
isin2929, 0.0, 0.0
isin2945, 0.0, 0.0
isin2964, 0.0, 0.0
isin2967, 0.0, 0.0
isin3005, 0.0, 0.0
isin3013, 0.0, 0.0
isin3019, 0.0, 0.0
isin3020, 0.0, 0.0
isin3064, 0.0, 0.0
isin3074, 0.0, 0.0
isin3084, 0.0, 0.0
isin3087, 0.0, 0.0
isin3161, 0.0, 0.0
isin3171, 0.0, 0.0
isin3207, 0.0, 0.0
isin3214, 0.0, 0.0
isin3215, 0.0, 0.0
isin3225, 0.0, 0.0
isin3275, 0.0, 0.0
isin3350, 0.0, 0.0
isin3360, 0.0, 0.0
isin3362, 0.0, 0.0
isin3386, 0.0, 0.0
isin3395, 0.0, 0.0
isin3417, 0.0, 0.0
isin3499, 0.0, 0.0
isin3662, 0.0, 0.0
isin3676, 0.0, 0.0
isin3731, 0.0, 0.0
isin3745, 0.0, 0.0
isin3749, 0.0, 0.0
isin3750, 0.0, 0.0
isin3759, 0.0, 0.0
isin3867, 0.0, 0.0
isin3910, 0.0, 0.0
isin3918, 0.0, 0.0
isin3954, 0.0, 0.0
isin3993, 0.0, 0.0
isin3994, 0.0, 0.0
isin3995, 0.0, 0.0
isin4006, 0.0, 0.0
isin4024, 0.0, 0.0
isin4025, 0.0, 0.0
isin4026, 0.0, 0.0
isin4030, 0.0, 0.0
isin4031, 0.0, 0.0
isin4072, 0.0, 0.0
isin4105, 0.0, 0.0
isin4112, 0.0, 0.0
isin4122, 0.0, 0.0
isin4134, 0.0, 0.0
isin4181, 0.0, 0.0
isin4182, 0.0, 0.0
isin4183, 0.0, 0.0
isin4197, 0.0, 0.0
isin4235, 0.0, 0.0
isin4243, 0.0, 0.0
isin4406, 0.0, 0.0
isin4410, 0.0, 0.0
isin4424, 0.0, 0.0
isin4439, 0.0, 0.0
isin4445, 0.0, 0.0
isin4458, 0.0, 0.0
isin4460, 0.0, 0.0
isin4463, 0.0, 0.0
isin4470, 0.0, 0.0
isin4567, 0.0, 0.0
isin4581, 0.0, 0.0
isin4586, 0.0, 0.0
isin4616, 0.0, 0.0
isin4619, 0.0, 0.0
isin4649, 0.0, 0.0
isin4803, 0.0, 0.0
isin4811, 0.0, 0.0
isin4844, 0.0, 0.0
isin4860, 0.0, 0.0
isin4871, 0.0, 0.0
isin4878, 0.0, 0.0
isin4912, 0.0, 0.0
isin4921, 0.0, 0.0
isin4922, 0.0, 0.0
isin4923, 0.0, 0.0
isin4934, 0.0, 0.0
isin4944, 0.0, 0.0
isin4952, 0.0, 0.0
isin4953, 0.0, 0.0
isin4966, 0.0, 0.0
isin4968, 0.0, 0.0
isin4978, 0.0, 0.0
isin5017, 0.0, 0.0
isin5021, 0.0, 0.0
isin5024, 0.0, 0.0
isin5057, 0.0, 0.0
isin5058, 0.0, 0.0
isin5074, 0.0, 0.0
isin5097, 0.0, 0.0
isin5126, 0.0, 0.0
isin5155, 0.0, 0.0
isin5215, 0.0, 0.0
isin5256, 0.0, 0.0
isin5269, 0.0, 0.0
isin5270, 0.0, 0.0
isin5281, 0.0, 0.0
isin5282, 0.0, 0.0
isin5291, 0.0, 0.0
isin5310, 0.0, 0.0
isin5336, 0.0, 0.0
isin5365, 0.0, 0.0
isin5377, 0.0, 0.0
isin5386, 0.0, 0.0
isin5387, 0.0, 0.0
isin5388, 0.0, 0.0
isin5403, 0.0, 0.0
isin5423, 0.0, 0.0
isin5428, 0.0, 0.0
isin5429, 0.0, 0.0
isin5466, 0.0, 0.0
isin5498, 0.0, 0.0
isin5527, 0.0, 0.0
isin5542, 0.0, 0.0
isin5578, 0.0, 0.0
isin5597, 0.0, 0.0
isin5625, 0.0, 0.0
isin5682, 0.0, 0.0
isin5688, 0.0, 0.0
isin5689, 0.0, 0.0
isin5690, 0.0, 0.0
isin5700, 0.0, 0.0
isin5728, 0.0, 0.0
isin5739, 0.0, 0.0
isin5777, 0.0, 0.0
isin5831, 0.0, 0.0
isin5832, 0.0, 0.0
isin5833, 0.0, 0.0
isin5843, 0.0, 0.0
isin5846, 0.0, 0.0
isin5875, 0.0, 0.0
isin5882, 0.0, 0.0
isin5886, 0.0, 0.0
isin5899, 0.0, 0.0
isin5903, 0.0, 0.0
isin5951, 0.0, 0.0
isin6059, 0.0, 0.0
isin6060, 0.0, 0.0
isin6070, 0.0, 0.0
isin6081, 0.0, 0.0
isin6085, 0.0, 0.0
isin6148, 0.0, 0.0
isin6166, 0.0, 0.0
isin6251, 0.0, 0.0
isin6570, 0.0, 0.0
isin6576, 0.0, 0.0
isin6583, 0.0, 0.0
isin6584, 0.0, 0.0
isin6586, 0.0, 0.0
isin6587, 0.0, 0.0
isin6601, 0.0, 0.0
isin6606, 0.0, 0.0
isin6617, 0.0, 0.0
isin6618, 0.0, 0.0
isin6689, 0.0, 0.0
isin7060, 0.0, 0.0
isin7063, 0.0, 0.0
isin7091, 0.0, 0.0
isin7092, 0.0, 0.0
isin7122, 0.0, 0.0
isin7332, 0.0, 0.0
isin7338, 0.0, 0.0
isin7373, 0.0, 0.0
isin7375, 0.0, 0.0
isin7379, 0.0, 0.0
isin7388, 0.0, 0.0
isin7391, 0.0, 0.0
isin7393, 0.0, 0.0
isin7422, 0.0, 0.0
isin7428, 0.0, 0.0
isin7436, 0.0, 0.0
isin7441, 0.0, 0.0
isin7445, 0.0, 0.0
isin7541, 0.0, 0.0
isin7570, 0.0, 0.0
isin7581, 0.0, 0.0
isin7596, 0.0, 0.0
isin7601, 0.0, 0.0
isin7603, 0.0, 0.0
isin7628, 0.0, 0.0
isin7638, 0.0, 0.0
isin7639, 0.0, 0.0
isin15297, 0.0, 0.0
isin15298, 0.0, 0.0
isin15299, 0.0, 0.0
isin15307, 0.0, 0.0
isin15309, 0.0, 0.0
isin15310, 0.0, 0.0
isin15321, 0.0, 0.0
isin15345, 0.0, 0.0
isin15346, 0.0, 0.0
isin15347, 0.0, 0.0
isin15352, 0.0, 0.0
isin15353, 0.0, 0.0
isin15362, 0.0, 0.0
isin15365, 0.0, 0.0
isin15372, 0.0, 0.0
isin15373, 0.0, 0.0
isin15384, 0.0, 0.0
isin15388, 0.0, 0.0
isin15389, 0.0, 0.0
isin15390, 0.0, 0.0
isin15391, 0.0, 0.0
isin15392, 0.0, 0.0
isin15407, 0.0, 0.0
isin15413, 0.0, 0.0
isin15416, 0.0, 0.0
isin15417, 0.0, 0.0
isin15421, 0.0, 0.0
isin15423, 0.0, 0.0
isin15435, 0.0, 0.0
isin15445, 0.0, 0.0
isin15458, 0.0, 0.0
isin15464, 0.0, 0.0
isin15476, 0.0, 0.0
isin15495, 0.0, 0.0
isin15497, 0.0, 0.0
isin15498, 0.0, 0.0
isin15536, 0.0, 0.0
isin15539, 0.0, 0.0
isin15580, 0.0, 0.0
isin15586, 0.0, 0.0
isin15604, 0.0, 0.0
isin15608, 0.0, 0.0
isin15621, 0.0, 0.0
isin15627, 0.0, 0.0
isin15635, 0.0, 0.0
isin15637, 0.0, 0.0
isin15648, 0.0, 0.0
isin15650, 0.0, 0.0
isin15653, 0.0, 0.0
isin15661, 0.0, 0.0
isin15677, 0.0, 0.0
isin15683, 0.0, 0.0
isin15687, 0.0, 0.0
isin15688, 0.0, 0.0
isin15693, 0.0, 0.0
isin15698, 0.0, 0.0
isin15706, 0.0, 0.0
isin15733, 0.0, 0.0
isin15740, 0.0, 0.0
isin15759, 0.0, 0.0
isin15769, 0.0, 0.0
isin15773, 0.0, 0.0
isin15778, 0.0, 0.0
isin15786, 0.0, 0.0
isin15788, 0.0, 0.0
isin15789, 0.0, 0.0
isin15794, 0.0, 0.0
isin15795, 0.0, 0.0
isin15805, 0.0, 0.0
isin15817, 0.0, 0.0
isin15826, 0.0, 0.0
isin15830, 0.0, 0.0
isin15834, 0.0, 0.0
isin15840, 0.0, 0.0
isin15841, 0.0, 0.0
isin15842, 0.0, 0.0
isin15850, 0.0, 0.0
isin15853, 0.0, 0.0
isin15855, 0.0, 0.0
isin15858, 0.0, 0.0
isin15869, 0.0, 0.0
isin15883, 0.0, 0.0
isin15885, 0.0, 0.0
isin15889, 0.0, 0.0
isin15890, 0.0, 0.0
isin15893, 0.0, 0.0
isin15900, 0.0, 0.0
isin15902, 0.0, 0.0
isin15914, 0.0, 0.0
isin15923, 0.0, 0.0
isin15926, 0.0, 0.0
isin15941, 0.0, 0.0
isin15952, 0.0, 0.0
isin15954, 0.0, 0.0
isin15955, 0.0, 0.0
isin15966, 0.0, 0.0
isin15971, 0.0, 0.0
isin15973, 0.0, 0.0
isin15975, 0.0, 0.0
isin15976, 0.0, 0.0
isin15977, 0.0, 0.0
isin15988, 0.0, 0.0
isin15989, 0.0, 0.0
isin15991, 0.0, 0.0
isin15992, 0.0, 0.0
isin15993, 0.0, 0.0
isin15994, 0.0, 0.0
isin15997, 0.0, 0.0
isin15998, 0.0, 0.0
isin15999, 0.0, 0.0
isin16004, 0.0, 0.0
isin16021, 0.0, 0.0
isin16027, 0.0, 0.0
isin16030, 0.0, 0.0
isin16033, 0.0, 0.0
isin16050, 0.0, 0.0
isin16062, 0.0, 0.0
isin16063, 0.0, 0.0
isin16064, 0.0, 0.0
isin16071, 0.0, 0.0
isin16092, 0.0, 0.0
isin16095, 0.0, 0.0
isin16107, 0.0, 0.0
isin16109, 0.0, 0.0
isin16110, 0.0, 0.0
isin16117, 0.0, 0.0
isin16118, 0.0, 0.0
isin16127, 0.0, 0.0
isin16133, 0.0, 0.0
isin16139, 0.0, 0.0
isin16144, 0.0, 0.0
isin16150, 0.0, 0.0
isin16159, 0.0, 0.0
isin16160, 0.0, 0.0
isin16186, 0.0, 0.0
isin16188, 0.0, 0.0
isin16190, 0.0, 0.0
isin16197, 0.0, 0.0
isin16206, 0.0, 0.0
isin16216, 0.0, 0.0
isin16217, 0.0, 0.0
isin16218, 0.0, 0.0
isin16221, 0.0, 0.0
isin16226, 0.0, 0.0
isin16232, 0.0, 0.0
isin16238, 0.0, 0.0
isin16241, 0.0, 0.0
isin16244, 0.0, 0.0
isin16267, 0.0, 0.0
isin16268, 0.0, 0.0
isin16270, 0.0, 0.0
isin16285, 0.0, 0.0
isin16286, 0.0, 0.0
isin16298, 0.0, 0.0
isin16300, 0.0, 0.0
isin16317, 0.0, 0.0
isin16320, 0.0, 0.0
isin16324, 0.0, 0.0
isin16347, 0.0, 0.0
isin16362, 0.0, 0.0
isin16363, 0.0, 0.0
isin16364, 0.0, 0.0
isin16365, 0.0, 0.0
isin16369, 0.0, 0.0
isin16374, 0.0, 0.0
isin16378, 0.0, 0.0
isin16387, 0.0, 0.0
isin16396, 0.0, 0.0
isin16400, 0.0, 0.0
isin16404, 0.0, 0.0
isin16411, 0.0, 0.0
isin16421, 0.0, 0.0
isin16422, 0.0, 0.0
isin16431, 0.0, 0.0
isin16457, 0.0, 0.0
isin16467, 0.0, 0.0
isin12962, 0.0, 0.0
isin13072, 0.0, 0.0
isin13074, 0.0, 0.0
isin13085, 0.0, 0.0
isin13086, 0.0, 0.0
isin13141, 0.0, 0.0
isin13149, 0.0, 0.0
isin13232, 0.0, 0.0
isin13236, 0.0, 0.0
isin13255, 0.0, 0.0
isin13256, 0.0, 0.0
isin13274, 0.0, 0.0
isin13292, 0.0, 0.0
isin13372, 0.0, 0.0
isin13373, 0.0, 0.0
isin13415, 0.0, 0.0
isin13419, 0.0, 0.0
isin13422, 0.0, 0.0
isin13480, 0.0, 0.0
isin13481, 0.0, 0.0
isin13484, 0.0, 0.0
isin13486, 0.0, 0.0
isin13508, 0.0, 0.0
isin13649, 0.0, 0.0
isin13654, 0.0, 0.0
isin13655, 0.0, 0.0
isin13656, 0.0, 0.0
isin13670, 0.0, 0.0
isin13680, 0.0, 0.0
isin13681, 0.0, 0.0
isin13683, 0.0, 0.0
isin13750, 0.0, 0.0
isin13765, 0.0, 0.0
isin13767, 0.0, 0.0
isin13771, 0.0, 0.0
isin13792, 0.0, 0.0
isin13877, 0.0, 0.0
isin13894, 0.0, 0.0
isin13896, 0.0, 0.0
isin13917, 0.0, 0.0
isin13921, 0.0, 0.0
isin13953, 0.0, 0.0
isin14002, 0.0, 0.0
isin14030, 0.0, 0.0
isin14065, 0.0, 0.0
isin14082, 0.0, 0.0
isin14113, 0.0, 0.0
isin14176, 0.0, 0.0
isin14180, 0.0, 0.0
isin14181, 0.0, 0.0
isin14190, 0.0, 0.0
isin14258, 0.0, 0.0
isin14260, 0.0, 0.0
isin14286, 0.0, 0.0
isin14287, 0.0, 0.0
isin14329, 0.0, 0.0
isin14375, 0.0, 0.0
isin14407, 0.0, 0.0
isin14418, 0.0, 0.0
isin14467, 0.0, 0.0
isin14470, 0.0, 0.0
isin14472, 0.0, 0.0
isin14484, 0.0, 0.0
isin14535, 0.0, 0.0
isin14619, 0.0, 0.0
isin14621, 0.0, 0.0
isin14680, 0.0, 0.0
isin14687, 0.0, 0.0
isin14689, 0.0, 0.0
isin14690, 0.0, 0.0
isin14704, 0.0, 0.0
isin14865, 0.0, 0.0
isin15061, 0.0, 0.0
isin15075, 0.0, 0.0
isin15083, 0.0, 0.0
isin15089, 0.0, 0.0
isin15104, 0.0, 0.0
isin15105, 0.0, 0.0
isin15175, 0.0, 0.0
isin15204, 0.0, 0.0
isin15289, 0.0, 0.0
isin15319, 0.0, 0.0
isin15324, 0.0, 0.0
isin15350, 0.0, 0.0
isin15398, 0.0, 0.0
isin15399, 0.0, 0.0
isin15438, 0.0, 0.0
isin15475, 0.0, 0.0
isin15477, 0.0, 0.0
isin15492, 0.0, 0.0
isin15582, 0.0, 0.0
isin15667, 0.0, 0.0
isin15675, 0.0, 0.0
isin15705, 0.0, 0.0
isin15735, 0.0, 0.0
isin15852, 0.0, 0.0
isin15882, 0.0, 0.0
isin16038, 0.0, 0.0
isin16054, 0.0, 0.0
isin16056, 0.0, 0.0
isin16099, 0.0, 0.0
isin16166, 0.0, 0.0
isin16211, 0.0, 0.0
isin16253, 0.0, 0.0
isin16274, 0.0, 0.0
isin16305, 0.0, 0.0
isin16356, 0.0, 0.0
isin16371, 0.0, 0.0
isin16385, 0.0, 0.0
isin16429, 0.0, 0.0
isin16462, 0.0, 0.0
isin16507, 0.0, 0.0
isin16519, 0.0, 0.0
isin16524, 0.0, 0.0
isin16532, 0.0, 0.0
isin16547, 0.0, 0.0
isin16567, 0.0, 0.0
isin16647, 0.0, 0.0
isin16730, 0.0, 0.0
isin16745, 0.0, 0.0
isin16780, 0.0, 0.0
isin16782, 0.0, 0.0
isin16813, 0.0, 0.0
isin16898, 0.0, 0.0
isin16961, 0.0, 0.0
isin16968, 0.0, 0.0
isin16979, 0.0, 0.0
isin16988, 0.0, 0.0
isin17026, 0.0, 0.0
isin17046, 0.0, 0.0
isin17054, 0.0, 0.0
isin17108, 0.0, 0.0
isin17109, 0.0, 0.0
isin17130, 0.0, 0.0
isin17133, 0.0, 0.0
isin17181, 0.0, 0.0
isin17212, 0.0, 0.0
isin17215, 0.0, 0.0
isin152, 0.0, 0.0
isin177, 0.0, 0.0
isin668, 0.0, 0.0
isin1064, 0.0, 0.0
isin1932, 0.0, 0.0
isin2688, 0.0, 0.0
isin2909, 0.0, 0.0
isin4140, 0.0, 0.0
isin4188, 0.0, 0.0
isin4494, 0.0, 0.0
isin5141, 0.0, 0.0
isin5255, 0.0, 0.0
isin5453, 0.0, 0.0
isin5539, 0.0, 0.0
isin5541, 0.0, 0.0
isin5664, 0.0, 0.0
isin6533, 0.0, 0.0
isin7469, 0.0, 0.0
isin7554, 0.0, 0.0
isin7731, 0.0, 0.0
isin7923, 0.0, 0.0
isin8136, 0.0, 0.0
isin8900, 0.0, 0.0
isin9140, 0.0, 0.0
isin9495, 0.0, 0.0
isin9647, 0.0, 0.0
isin10126, 0.0, 0.0
isin10684, 0.0, 0.0
isin10747, 0.0, 0.0
isin11395, 0.0, 0.0
isin12104, 0.0, 0.0
isin12218, 0.0, 0.0
isin12433, 0.0, 0.0
isin12461, 0.0, 0.0
isin13223, 0.0, 0.0
isin13414, 0.0, 0.0
isin13594, 0.0, 0.0
isin13947, 0.0, 0.0
isin14085, 0.0, 0.0
isin14491, 0.0, 0.0
isin14950, 0.0, 0.0
isin15419, 0.0, 0.0
isin15434, 0.0, 0.0
isin15581, 0.0, 0.0
isin15796, 0.0, 0.0
isin15899, 0.0, 0.0
isin15905, 0.0, 0.0
isin16098, 0.0, 0.0
isin16289, 0.0, 0.0
isin16568, 0.0, 0.0
isin16592, 0.0, 0.0
isin16670, 0.0, 0.0
isin16885, 0.0, 0.0
isin16944, 0.0, 0.0
isin8668, 0.0, 0.0
isin167, 0.0, 0.0
isin8107, 0.0, 0.0
isin11350, 0.0, 0.0
isin14604, 0.0, 0.0
isin16395, 0.0, 0.0
isin6106, 0.0, 0.0
isin15697, 0.0, 0.0
isin2192, 0.0, 0.0
isin5516, 0.0, 0.0
isin7818, 0.0, 0.0
isin8624, 0.0, 0.0
isin9371, 0.0, 0.0
isin10021, 0.0, 0.0
isin12589, 0.0, 0.0
isin13842, 0.0, 0.0
isin15810, 0.0, 0.0
isin7948, 0.0, 0.0
isin12591, 0.0, 0.0
isin13424, 0.0, 0.0
isin254, 0.0, 0.0
isin628, 0.0, 0.0
isin885, 0.0, 0.0
isin886, 0.0, 0.0
isin987, 0.0, 0.0
isin1412, 0.0, 0.0
isin1666, 0.0, 0.0
isin1972, 0.0, 0.0
isin1983, 0.0, 0.0
isin3246, 0.0, 0.0
isin3249, 0.0, 0.0
isin3290, 0.0, 0.0
isin3799, 0.0, 0.0
isin3816, 0.0, 0.0
isin3818, 0.0, 0.0
isin4688, 0.0, 0.0
isin4895, 0.0, 0.0
isin5130, 0.0, 0.0
isin5537, 0.0, 0.0
isin5962, 0.0, 0.0
